Date,Score Type,Visitor Team,VisitorPts,Home Team,HomePts,OT?,Notes
10 29 2013,Box Score,Orlando Magic,87,Indiana Pacers,97,,
10 29 2013,Box Score,Los Angeles Clippers,103,Los Angeles Lakers,116,,
10 29 2013,Box Score,Chicago Bulls,95,Miami Heat,107,,
10 30 2013,Box Score,Brooklyn Nets,94,Cleveland Cavaliers,98,,
10 30 2013,Box Score,Atlanta Hawks,109,Dallas Mavericks,118,,
10 30 2013,Box Score,Washington Wizards,102,Detroit Pistons,113,,
10 30 2013,Box Score,Los Angeles Lakers,94,Golden State Warriors,125,,
10 30 2013,Box Score,Charlotte Bobcats,83,Houston Rockets,96,,
10 30 2013,Box Score,Orlando Magic,115,Minnesota Timberwolves,120,OT,
10 30 2013,Box Score,Indiana Pacers,95,New Orleans Pelicans,90,,
10 30 2013,Box Score,Milwaukee Bucks,83,New York Knicks,90,,
10 30 2013,Box Score,Miami Heat,110,Philadelphia 76ers,114,,
10 30 2013,Box Score,Portland Trail Blazers,91,Phoenix Suns,104,,
10 30 2013,Box Score,Denver Nuggets,88,Sacramento Kings,90,,
10 30 2013,Box Score,Memphis Grizzlies,94,San Antonio Spurs,101,,
10 30 2013,Box Score,Boston Celtics,87,Toronto Raptors,93,,
10 30 2013,Box Score,Oklahoma City Thunder,101,Utah Jazz,98,,
10 31 2013,Box Score,New York Knicks,81,Chicago Bulls,82,,
10 31 2013,Box Score,Golden State Warriors,115,Los Angeles Clippers,126,,
11 1 2013,Box Score,Toronto Raptors,95,Atlanta Hawks,102,,
11 1 2013,Box Score,Milwaukee Bucks,105,Boston Celtics,98,,
11 1 2013,Box Score,Miami Heat,100,Brooklyn Nets,101,,
11 1 2013,Box Score,Cleveland Cavaliers,84,Charlotte Bobcats,90,,
11 1 2013,Box Score,Portland Trail Blazers,113,Denver Nuggets,98,,
11 1 2013,Box Score,Dallas Mavericks,105,Houston Rockets,113,,
11 1 2013,Box Score,San Antonio Spurs,91,Los Angeles Lakers,85,,
11 1 2013,Box Score,Detroit Pistons,108,Memphis Grizzlies,111,OT,
11 1 2013,Box Score,Oklahoma City Thunder,81,Minnesota Timberwolves,100,,
11 1 2013,Box Score,New Orleans Pelicans,90,Orlando Magic,110,,
11 1 2013,Box Score,Utah Jazz,84,Phoenix Suns,87,,
11 1 2013,Box Score,Los Angeles Clippers,110,Sacramento Kings,101,,
11 1 2013,Box Score,Philadelphia 76ers,109,Washington Wizards,102,,
11 2 2013,Box Score,Memphis Grizzlies,99,Dallas Mavericks,111,,
11 2 2013,Box Score,Sacramento Kings,87,Golden State Warriors,98,,
11 2 2013,Box Score,Cleveland Cavaliers,74,Indiana Pacers,89,,
11 2 2013,Box Score,Toronto Raptors,97,Milwaukee Bucks,90,,
11 2 2013,Box Score,Charlotte Bobcats,84,New Orleans Pelicans,105,,
11 2 2013,Box Score,Chicago Bulls,104,Philadelphia 76ers,107,,
11 2 2013,Box Score,San Antonio Spurs,105,Portland Trail Blazers,115,,
11 2 2013,Box Score,Houston Rockets,104,Utah Jazz,93,,
11 3 2013,Box Score,Boston Celtics,77,Detroit Pistons,87,,
11 3 2013,Box Score,Atlanta Hawks,103,Los Angeles Lakers,105,,
11 3 2013,Box Score,Washington Wizards,93,Miami Heat,103,,
11 3 2013,Box Score,Minnesota Timberwolves,109,New York Knicks,100,,
11 3 2013,Box Score,Phoenix Suns,96,Oklahoma City Thunder,103,,
11 3 2013,Box Score,Brooklyn Nets,86,Orlando Magic,107,,
11 4 2013,Box Score,Minnesota Timberwolves,92,Cleveland Cavaliers,93,,
11 4 2013,Box Score,Houston Rockets,118,Los Angeles Clippers,137,,
11 4 2013,Box Score,Boston Celtics,88,Memphis Grizzlies,95,,
11 4 2013,Box Score,Golden State Warriors,110,Philadelphia 76ers,90,,
11 5 2013,Box Score,Utah Jazz,88,Brooklyn Nets,104,,
11 5 2013,Box Score,Los Angeles Lakers,104,Dallas Mavericks,123,,
11 5 2013,Box Score,San Antonio Spurs,102,Denver Nuggets,94,,
11 5 2013,Box Score,Indiana Pacers,99,Detroit Pistons,91,,
11 5 2013,Box Score,Phoenix Suns,104,New Orleans Pelicans,98,,
11 5 2013,Box Score,Charlotte Bobcats,102,New York Knicks,97,,
11 5 2013,Box Score,Houston Rockets,116,Portland Trail Blazers,101,,
11 5 2013,Box Score,Atlanta Hawks,105,Sacramento Kings,100,,
11 5 2013,Box Score,Miami Heat,104,Toronto Raptors,95,,
11 6 2013,Box Score,Utah Jazz,87,Boston Celtics,97,,
11 6 2013,Box Score,Toronto Raptors,90,Charlotte Bobcats,92,,
11 6 2013,Box Score,Chicago Bulls,80,Indiana Pacers,97,,
11 6 2013,Box Score,New Orleans Pelicans,99,Memphis Grizzlies,84,,
11 6 2013,Box Score,Cleveland Cavaliers,104,Milwaukee Bucks,109,,
11 6 2013,Box Score,Golden State Warriors,106,Minnesota Timberwolves,93,,
11 6 2013,Box Score,Dallas Mavericks,93,Oklahoma City Thunder,107,,
11 6 2013,Box Score,Los Angeles Clippers,90,Orlando Magic,98,,
11 6 2013,Box Score,Washington Wizards,116,Philadelphia 76ers,102,,
11 6 2013,Box Score,Phoenix Suns,96,San Antonio Spurs,99,,
11 7 2013,Box Score,Atlanta Hawks,107,Denver Nuggets,109,,
11 7 2013,Box Score,Los Angeles Lakers,99,Houston Rockets,98,,
11 7 2013,Box Score,Los Angeles Clippers,97,Miami Heat,102,,
11 8 2013,Box Score,New York Knicks,101,Charlotte Bobcats,91,,
11 8 2013,Box Score,Utah Jazz,73,Chicago Bulls,97,,
11 8 2013,Box Score,Oklahoma City Thunder,119,Detroit Pistons,110,,
11 8 2013,Box Score,Toronto Raptors,84,Indiana Pacers,91,,
11 8 2013,Box Score,Dallas Mavericks,108,Minnesota Timberwolves,116,,
11 8 2013,Box Score,Los Angeles Lakers,85,New Orleans Pelicans,96,,
11 8 2013,Box Score,Boston Celtics,91,Orlando Magic,89,,
11 8 2013,Box Score,Cleveland Cavaliers,79,Philadelphia 76ers,94,,
11 8 2013,Box Score,Denver Nuggets,103,Phoenix Suns,114,,
11 8 2013,Box Score,Sacramento Kings,91,Portland Trail Blazers,104,,
11 8 2013,Box Score,Golden State Warriors,74,San Antonio Spurs,76,,
11 8 2013,Box Score,Brooklyn Nets,108,Washington Wizards,112,OT,
11 9 2013,Box Score,Orlando Magic,94,Atlanta Hawks,104,,
11 9 2013,Box Score,Indiana Pacers,96,Brooklyn Nets,91,,
11 9 2013,Box Score,Philadelphia 76ers,125,Cleveland Cavaliers,127,2OT,
11 9 2013,Box Score,Los Angeles Clippers,107,Houston Rockets,94,,
11 9 2013,Box Score,Golden State Warriors,90,Memphis Grizzlies,108,,
11 9 2013,Box Score,Boston Celtics,111,Miami Heat,110,,
11 9 2013,Box Score,Dallas Mavericks,91,Milwaukee Bucks,83,,
11 9 2013,Box Score,Portland Trail Blazers,96,Sacramento Kings,85,,
11 9 2013,Box Score,Utah Jazz,91,Toronto Raptors,115,,
11 10 2013,Box Score,Minnesota Timberwolves,113,Los Angeles Lakers,90,,
11 10 2013,Box Score,San Antonio Spurs,120,New York Knicks,89,,
11 10 2013,Box Score,Washington Wizards,105,Oklahoma City Thunder,106,OT,
11 10 2013,Box Score,New Orleans Pelicans,94,Phoenix Suns,101,,
11 11 2013,Box Score,Orlando Magic,105,Boston Celtics,120,,
11 11 2013,Box Score,Atlanta Hawks,103,Charlotte Bobcats,94,,
11 11 2013,Box Score,Cleveland Cavaliers,81,Chicago Bulls,96,,
11 11 2013,Box Score,Toronto Raptors,104,Houston Rockets,110,2OT,
11 11 2013,Box Score,Memphis Grizzlies,79,Indiana Pacers,95,,
11 11 2013,Box Score,Minnesota Timberwolves,107,Los Angeles Clippers,109,,
11 11 2013,Box Score,San Antonio Spurs,109,Philadelphia 76ers,85,,
11 11 2013,Box Score,Detroit Pistons,103,Portland Trail Blazers,109,,
11 11 2013,Box Score,Denver Nuggets,100,Utah Jazz,81,,
11 12 2013,Box Score,Washington Wizards,95,Dallas Mavericks,105,,
11 12 2013,Box Score,Detroit Pistons,95,Golden State Warriors,113,,
11 12 2013,Box Score,New Orleans Pelicans,95,Los Angeles Lakers,116,,
11 12 2013,Box Score,Milwaukee Bucks,95,Miami Heat,118,,
11 13 2013,Box Score,New York Knicks,95,Atlanta Hawks,91,,
11 13 2013,Box Score,Charlotte Bobcats,89,Boston Celtics,83,,
11 13 2013,Box Score,Los Angeles Lakers,99,Denver Nuggets,111,,
11 13 2013,Box Score,Oklahoma City Thunder,103,Los Angeles Clippers,111,,
11 13 2013,Box Score,Toronto Raptors,103,Memphis Grizzlies,87,,
11 13 2013,Box Score,Cleveland Cavaliers,95,Minnesota Timberwolves,124,,
11 13 2013,Box Score,Milwaukee Bucks,91,Orlando Magic,94,,
11 13 2013,Box Score,Houston Rockets,117,Philadelphia 76ers,123,OT,
11 13 2013,Box Score,Phoenix Suns,89,Portland Trail Blazers,90,,
11 13 2013,Box Score,Brooklyn Nets,86,Sacramento Kings,107,,
11 13 2013,Box Score,Washington Wizards,79,San Antonio Spurs,92,,
11 13 2013,Box Score,New Orleans Pelicans,105,Utah Jazz,111,,
11 14 2013,Box Score,Oklahoma City Thunder,115,Golden State Warriors,116,,
11 14 2013,Box Score,Houston Rockets,109,New York Knicks,106,,
11 15 2013,Box Score,Philadelphia 76ers,103,Atlanta Hawks,113,,
11 15 2013,Box Score,Portland Trail Blazers,109,Boston Celtics,96,,
11 15 2013,Box Score,Charlotte Bobcats,86,Cleveland Cavaliers,80,,
11 15 2013,Box Score,Minnesota Timberwolves,113,Denver Nuggets,117,,
11 15 2013,Box Score,Milwaukee Bucks,77,Indiana Pacers,104,,
11 15 2013,Box Score,Memphis Grizzlies,89,Los Angeles Lakers,86,,
11 15 2013,Box Score,Dallas Mavericks,104,Miami Heat,110,,
11 15 2013,Box Score,Brooklyn Nets,100,Phoenix Suns,98,OT,
11 15 2013,Box Score,Detroit Pistons,97,Sacramento Kings,90,,
11 15 2013,Box Score,Chicago Bulls,96,Toronto Raptors,80,,
11 15 2013,Box Score,San Antonio Spurs,91,Utah Jazz,82,,
11 16 2013,Box Score,Miami Heat,97,Charlotte Bobcats,81,,
11 16 2013,Box Score,Indiana Pacers,94,Chicago Bulls,110,,
11 16 2013,Box Score,Utah Jazz,88,Golden State Warriors,102,,
11 16 2013,Box Score,Denver Nuggets,111,Houston Rockets,122,,
11 16 2013,Box Score,Brooklyn Nets,103,Los Angeles Clippers,110,,
11 16 2013,Box Score,Oklahoma City Thunder,92,Milwaukee Bucks,79,,
11 16 2013,Box Score,Boston Celtics,88,Minnesota Timberwolves,106,,
11 16 2013,Box Score,Philadelphia 76ers,98,New Orleans Pelicans,135,,
11 16 2013,Box Score,Atlanta Hawks,110,New York Knicks,90,,
11 16 2013,Box Score,Dallas Mavericks,108,Orlando Magic,100,,
11 16 2013,Box Score,Cleveland Cavaliers,103,Washington Wizards,96,OT,
11 17 2013,Box Score,Detroit Pistons,99,Los Angeles Lakers,114,,
11 17 2013,Box Score,Memphis Grizzlies,97,Sacramento Kings,86,,
11 17 2013,Box Score,Portland Trail Blazers,118,Toronto Raptors,110,OT,
11 18 2013,Box Score,Portland Trail Blazers,108,Brooklyn Nets,98,,
11 18 2013,Box Score,Charlotte Bobcats,81,Chicago Bulls,86,,
11 18 2013,Box Score,Philadelphia 76ers,94,Dallas Mavericks,97,,
11 18 2013,Box Score,Memphis Grizzlies,106,Los Angeles Clippers,102,,
11 18 2013,Box Score,Denver Nuggets,113,Oklahoma City Thunder,115,,
11 18 2013,Box Score,Golden State Warriors,98,Utah Jazz,87,,
11 19 2013,Box Score,New York Knicks,86,Detroit Pistons,92,,
11 19 2013,Box Score,Boston Celtics,85,Houston Rockets,109,,
11 19 2013,Box Score,Atlanta Hawks,88,Miami Heat,104,,
11 19 2013,Box Score,Phoenix Suns,104,Sacramento Kings,107,,
11 19 2013,Box Score,Minnesota Timberwolves,100,Washington Wizards,104,,
11 20 2013,Box Score,Detroit Pistons,85,Atlanta Hawks,93,,
11 20 2013,Box Score,Brooklyn Nets,91,Charlotte Bobcats,95,,
11 20 2013,Box Score,Washington Wizards,98,Cleveland Cavaliers,91,,
11 20 2013,Box Score,Houston Rockets,120,Dallas Mavericks,123,,
11 20 2013,Box Score,Memphis Grizzlies,88,Golden State Warriors,81,OT,
11 20 2013,Box Score,Portland Trail Blazers,91,Milwaukee Bucks,82,,
11 20 2013,Box Score,Los Angeles Clippers,102,Minnesota Timberwolves,98,,
11 20 2013,Box Score,Utah Jazz,98,New Orleans Pelicans,105,,
11 20 2013,Box Score,Indiana Pacers,103,New York Knicks,96,OT,
11 20 2013,Box Score,Miami Heat,120,Orlando Magic,92,,
11 20 2013,Box Score,Toronto Raptors,108,Philadelphia 76ers,98,,
11 20 2013,Box Score,Sacramento Kings,113,Phoenix Suns,106,,
11 20 2013,Box Score,Boston Celtics,93,San Antonio Spurs,104,,
11 21 2013,Box Score,Chicago Bulls,87,Denver Nuggets,97,,
11 21 2013,Box Score,Los Angeles Clippers,91,Oklahoma City Thunder,105,,
11 22 2013,Box Score,Indiana Pacers,97,Boston Celtics,82,,
11 22 2013,Box Score,Phoenix Suns,98,Charlotte Bobcats,91,,
11 22 2013,Box Score,Utah Jazz,93,Dallas Mavericks,103,,
11 22 2013,Box Score,Atlanta Hawks,96,Detroit Pistons,89,,
11 22 2013,Box Score,Golden State Warriors,95,Los Angeles Lakers,102,,
11 22 2013,Box Score,San Antonio Spurs,102,Memphis Grizzlies,86,,
11 22 2013,Box Score,Brooklyn Nets,81,Minnesota Timberwolves,111,,
11 22 2013,Box Score,Cleveland Cavaliers,100,New Orleans Pelicans,104,,
11 22 2013,Box Score,Milwaukee Bucks,107,Philadelphia 76ers,115,OT,
11 22 2013,Box Score,Chicago Bulls,95,Portland Trail Blazers,98,,
11 22 2013,Box Score,Washington Wizards,88,Toronto Raptors,96,,
11 23 2013,Box Score,Boston Celtics,94,Atlanta Hawks,87,,
11 23 2013,Box Score,Dallas Mavericks,100,Denver Nuggets,102,,
11 23 2013,Box Score,Portland Trail Blazers,113,Golden State Warriors,101,,
11 23 2013,Box Score,Minnesota Timberwolves,101,Houston Rockets,112,,
11 23 2013,Box Score,Philadelphia 76ers,98,Indiana Pacers,106,,
11 23 2013,Box Score,Sacramento Kings,102,Los Angeles Clippers,103,,
11 23 2013,Box Score,Orlando Magic,99,Miami Heat,101,,
11 23 2013,Box Score,Charlotte Bobcats,96,Milwaukee Bucks,72,,
11 23 2013,Box Score,Cleveland Cavaliers,96,San Antonio Spurs,126,,
11 23 2013,Box Score,New York Knicks,89,Washington Wizards,98,,
11 24 2013,Box Score,Detroit Pistons,109,Brooklyn Nets,97,,
11 24 2013,Box Score,Chicago Bulls,82,Los Angeles Clippers,121,,
11 24 2013,Box Score,Sacramento Kings,86,Los Angeles Lakers,100,,
11 24 2013,Box Score,Utah Jazz,73,Oklahoma City Thunder,95,,
11 24 2013,Box Score,Phoenix Suns,104,Orlando Magic,96,,
11 25 2013,Box Score,Boston Celtics,96,Charlotte Bobcats,86,,
11 25 2013,Box Score,Denver Nuggets,110,Dallas Mavericks,96,,
11 25 2013,Box Score,Milwaukee Bucks,94,Detroit Pistons,113,,
11 25 2013,Box Score,Minnesota Timberwolves,84,Indiana Pacers,98,,
11 25 2013,Box Score,Houston Rockets,93,Memphis Grizzlies,86,,
11 25 2013,Box Score,Phoenix Suns,92,Miami Heat,107,,
11 25 2013,Box Score,New York Knicks,91,Portland Trail Blazers,102,,
11 25 2013,Box Score,New Orleans Pelicans,93,San Antonio Spurs,112,,
11 25 2013,Box Score,Chicago Bulls,83,Utah Jazz,89,OT,
11 26 2013,Box Score,Orlando Magic,109,Atlanta Hawks,92,,
11 26 2013,Box Score,Golden State Warriors,102,New Orleans Pelicans,101,,
11 26 2013,Box Score,Brooklyn Nets,102,Toronto Raptors,100,,
11 26 2013,Box Score,Los Angeles Lakers,111,Washington Wizards,116,,
11 27 2013,Box Score,Memphis Grizzlies,100,Boston Celtics,93,,
11 27 2013,Box Score,Los Angeles Lakers,99,Brooklyn Nets,94,,
11 27 2013,Box Score,Indiana Pacers,99,Charlotte Bobcats,74,,
11 27 2013,Box Score,Miami Heat,95,Cleveland Cavaliers,84,,
11 27 2013,Box Score,Golden State Warriors,99,Dallas Mavericks,103,,
11 27 2013,Box Score,Chicago Bulls,99,Detroit Pistons,79,,
11 27 2013,Box Score,Atlanta Hawks,84,Houston Rockets,113,,
11 27 2013,Box Score,New York Knicks,80,Los Angeles Clippers,93,,
11 27 2013,Box Score,Washington Wizards,100,Milwaukee Bucks,92,OT,
11 27 2013,Box Score,Denver Nuggets,117,Minnesota Timberwolves,110,,
11 27 2013,Box Score,San Antonio Spurs,88,Oklahoma City Thunder,94,,
11 27 2013,Box Score,Philadelphia 76ers,94,Orlando Magic,105,,
11 27 2013,Box Score,Portland Trail Blazers,106,Phoenix Suns,120,,
11 29 2013,Box Score,Dallas Mavericks,87,Atlanta Hawks,88,,
11 29 2013,Box Score,Cleveland Cavaliers,86,Boston Celtics,103,,
11 29 2013,Box Score,Milwaukee Bucks,76,Charlotte Bobcats,92,,
11 29 2013,Box Score,New York Knicks,95,Denver Nuggets,97,,
11 29 2013,Box Score,Los Angeles Lakers,106,Detroit Pistons,102,,
11 29 2013,Box Score,Brooklyn Nets,95,Houston Rockets,114,,
11 29 2013,Box Score,Washington Wizards,73,Indiana Pacers,93,,
11 29 2013,Box Score,Golden State Warriors,112,Oklahoma City Thunder,113,OT,
11 29 2013,Box Score,San Antonio Spurs,109,Orlando Magic,91,,
11 29 2013,Box Score,New Orleans Pelicans,121,Philadelphia 76ers,105,,
11 29 2013,Box Score,Los Angeles Clippers,104,Sacramento Kings,98,OT,
11 29 2013,Box Score,Miami Heat,90,Toronto Raptors,83,,
11 29 2013,Box Score,Phoenix Suns,112,Utah Jazz,101,,
11 30 2013,Box Score,Chicago Bulls,93,Cleveland Cavaliers,97,,
11 30 2013,Box Score,Minnesota Timberwolves,112,Dallas Mavericks,106,,
11 30 2013,Box Score,Brooklyn Nets,97,Memphis Grizzlies,88,,
11 30 2013,Box Score,Boston Celtics,85,Milwaukee Bucks,92,,
11 30 2013,Box Score,Utah Jazz,112,Phoenix Suns,104,,
11 30 2013,Box Score,Houston Rockets,112,San Antonio Spurs,106,,
11 30 2013,Box Score,Atlanta Hawks,101,Washington Wizards,108,,
12 1 2013,Box Score,Philadelphia 76ers,100,Detroit Pistons,115,,
12 1 2013,Box Score,Indiana Pacers,105,Los Angeles Clippers,100,,
12 1 2013,Box Score,Portland Trail Blazers,114,Los Angeles Lakers,108,,
12 1 2013,Box Score,Charlotte Bobcats,98,Miami Heat,99,,
12 1 2013,Box Score,New Orleans Pelicans,103,New York Knicks,99,,
12 1 2013,Box Score,Minnesota Timberwolves,103,Oklahoma City Thunder,113,,
12 1 2013,Box Score,Golden State Warriors,115,Sacramento Kings,113,,
12 1 2013,Box Score,Denver Nuggets,112,Toronto Raptors,98,,
12 2 2013,Box Score,New Orleans Pelicans,131,Chicago Bulls,128,3OT,
12 2 2013,Box Score,Indiana Pacers,102,Portland Trail Blazers,106,,
12 2 2013,Box Score,Atlanta Hawks,100,San Antonio Spurs,102,,
12 2 2013,Box Score,Houston Rockets,103,Utah Jazz,109,,
12 2 2013,Box Score,Orlando Magic,80,Washington Wizards,98,,
12 3 2013,Box Score,Milwaukee Bucks,100,Boston Celtics,108,,
12 3 2013,Box Score,Denver Nuggets,111,Brooklyn Nets,87,,
12 3 2013,Box Score,Charlotte Bobcats,82,Dallas Mavericks,89,,
12 3 2013,Box Score,Toronto Raptors,103,Golden State Warriors,112,,
12 3 2013,Box Score,Phoenix Suns,91,Memphis Grizzlies,110,,
12 3 2013,Box Score,Detroit Pistons,107,Miami Heat,97,,
12 3 2013,Box Score,Orlando Magic,125,Philadelphia 76ers,126,2OT,
12 3 2013,Box Score,Oklahoma City Thunder,97,Sacramento Kings,95,,
12 4 2013,Box Score,Los Angeles Clippers,97,Atlanta Hawks,107,,
12 4 2013,Box Score,Denver Nuggets,88,Cleveland Cavaliers,98,,
12 4 2013,Box Score,Phoenix Suns,97,Houston Rockets,88,,
12 4 2013,Box Score,Detroit Pistons,105,Milwaukee Bucks,98,,
12 4 2013,Box Score,Dallas Mavericks,100,New Orleans Pelicans,97,,
12 4 2013,Box Score,Oklahoma City Thunder,104,Portland Trail Blazers,111,,
12 4 2013,Box Score,Indiana Pacers,95,Utah Jazz,86,,
12 5 2013,Box Score,New York Knicks,113,Brooklyn Nets,83,,
12 5 2013,Box Score,Miami Heat,87,Chicago Bulls,107,,
12 5 2013,Box Score,Los Angeles Clippers,101,Memphis Grizzlies,81,,
12 6 2013,Box Score,Cleveland Cavaliers,89,Atlanta Hawks,108,,
12 6 2013,Box Score,Denver Nuggets,98,Boston Celtics,106,,
12 6 2013,Box Score,Philadelphia 76ers,88,Charlotte Bobcats,105,,
12 6 2013,Box Score,Golden State Warriors,83,Houston Rockets,105,,
12 6 2013,Box Score,Oklahoma City Thunder,109,New Orleans Pelicans,95,,
12 6 2013,Box Score,Orlando Magic,83,New York Knicks,121,,
12 6 2013,Box Score,Toronto Raptors,97,Phoenix Suns,106,,
12 6 2013,Box Score,Utah Jazz,98,Portland Trail Blazers,130,,
12 6 2013,Box Score,Los Angeles Lakers,106,Sacramento Kings,100,,
12 6 2013,Box Score,Milwaukee Bucks,109,Washington Wizards,105,OT,
12 7 2013,Box Score,Detroit Pistons,92,Chicago Bulls,75,,
12 7 2013,Box Score,Los Angeles Clippers,82,Cleveland Cavaliers,88,,
12 7 2013,Box Score,Golden State Warriors,108,Memphis Grizzlies,82,,
12 7 2013,Box Score,Brooklyn Nets,90,Milwaukee Bucks,82,,
12 7 2013,Box Score,Miami Heat,103,Minnesota Timberwolves,82,,
12 7 2013,Box Score,Denver Nuggets,103,Philadelphia 76ers,92,,
12 7 2013,Box Score,Dallas Mavericks,108,Portland Trail Blazers,106,,
12 7 2013,Box Score,Indiana Pacers,111,San Antonio Spurs,100,,
12 7 2013,Box Score,Sacramento Kings,112,Utah Jazz,102,OT,
12 8 2013,Box Score,Miami Heat,110,Detroit Pistons,95,,
12 8 2013,Box Score,Orlando Magic,88,Houston Rockets,98,,
12 8 2013,Box Score,Toronto Raptors,106,Los Angeles Lakers,94,,
12 8 2013,Box Score,Boston Celtics,114,New York Knicks,73,,
12 8 2013,Box Score,Indiana Pacers,94,Oklahoma City Thunder,118,,
12 9 2013,Box Score,Golden State Warriors,111,Charlotte Bobcats,115,,
12 9 2013,Box Score,Orlando Magic,85,Memphis Grizzlies,94,,
12 9 2013,Box Score,Los Angeles Clippers,94,Philadelphia 76ers,83,,
12 9 2013,Box Score,Dallas Mavericks,97,Sacramento Kings,112,,
12 9 2013,Box Score,Portland Trail Blazers,105,Utah Jazz,94,,
12 9 2013,Box Score,Denver Nuggets,75,Washington Wizards,74,,
12 10 2013,Box Score,Oklahoma City Thunder,101,Atlanta Hawks,92,,
12 10 2013,Box Score,Boston Celtics,96,Brooklyn Nets,104,,
12 10 2013,Box Score,Milwaukee Bucks,78,Chicago Bulls,74,,
12 10 2013,Box Score,New York Knicks,94,Cleveland Cavaliers,109,,
12 10 2013,Box Score,Minnesota Timberwolves,121,Detroit Pistons,94,,
12 10 2013,Box Score,Miami Heat,84,Indiana Pacers,90,,
12 10 2013,Box Score,Phoenix Suns,114,Los Angeles Lakers,108,,
12 10 2013,Box Score,San Antonio Spurs,116,Toronto Raptors,103,,
12 11 2013,Box Score,Los Angeles Clippers,96,Boston Celtics,88,,
12 11 2013,Box Score,Orlando Magic,92,Charlotte Bobcats,83,,
12 11 2013,Box Score,Dallas Mavericks,93,Golden State Warriors,95,,
12 11 2013,Box Score,Oklahoma City Thunder,116,Memphis Grizzlies,100,,
12 11 2013,Box Score,San Antonio Spurs,109,Milwaukee Bucks,77,,
12 11 2013,Box Score,Philadelphia 76ers,99,Minnesota Timberwolves,106,,
12 11 2013,Box Score,Detroit Pistons,106,New Orleans Pelicans,111,OT,
12 11 2013,Box Score,Chicago Bulls,78,New York Knicks,83,,
12 11 2013,Box Score,Utah Jazz,122,Sacramento Kings,101,,
12 12 2013,Box Score,Los Angeles Clippers,93,Brooklyn Nets,102,,
12 12 2013,Box Score,Houston Rockets,104,Portland Trail Blazers,111,,
12 13 2013,Box Score,Washington Wizards,99,Atlanta Hawks,101,OT,
12 13 2013,Box Score,New York Knicks,86,Boston Celtics,90,,
12 13 2013,Box Score,Utah Jazz,103,Denver Nuggets,93,,
12 13 2013,Box Score,Brooklyn Nets,99,Detroit Pistons,103,,
12 13 2013,Box Score,Houston Rockets,116,Golden State Warriors,112,,
12 13 2013,Box Score,Charlotte Bobcats,94,Indiana Pacers,99,,
12 13 2013,Box Score,Chicago Bulls,91,Milwaukee Bucks,90,,
12 13 2013,Box Score,Memphis Grizzlies,98,New Orleans Pelicans,104,,
12 13 2013,Box Score,Los Angeles Lakers,97,Oklahoma City Thunder,122,,
12 13 2013,Box Score,Cleveland Cavaliers,109,Orlando Magic,100,,
12 13 2013,Box Score,Sacramento Kings,107,Phoenix Suns,116,,
12 13 2013,Box Score,Minnesota Timberwolves,110,San Antonio Spurs,117,,
12 13 2013,Box Score,Philadelphia 76ers,100,Toronto Raptors,108,,
12 14 2013,Box Score,Los Angeles Lakers,88,Charlotte Bobcats,85,,
12 14 2013,Box Score,Toronto Raptors,99,Chicago Bulls,77,,
12 14 2013,Box Score,Milwaukee Bucks,93,Dallas Mavericks,106,,
12 14 2013,Box Score,Cleveland Cavaliers,107,Miami Heat,114,,
12 14 2013,Box Score,Atlanta Hawks,106,New York Knicks,111,,
12 14 2013,Box Score,Portland Trail Blazers,139,Philadelphia 76ers,105,,
12 14 2013,Box Score,San Antonio Spurs,100,Utah Jazz,84,,
12 14 2013,Box Score,Los Angeles Clippers,113,Washington Wizards,97,,
12 15 2013,Box Score,New Orleans Pelicans,93,Denver Nuggets,102,,
12 15 2013,Box Score,Portland Trail Blazers,111,Detroit Pistons,109,OT,
12 15 2013,Box Score,Minnesota Timberwolves,101,Memphis Grizzlies,93,,
12 15 2013,Box Score,Orlando Magic,98,Oklahoma City Thunder,101,,
12 15 2013,Box Score,Golden State Warriors,102,Phoenix Suns,106,,
12 15 2013,Box Score,Houston Rockets,91,Sacramento Kings,106,,
12 16 2013,Box Score,Los Angeles Lakers,100,Atlanta Hawks,114,,
12 16 2013,Box Score,Minnesota Timberwolves,97,Boston Celtics,101,,
12 16 2013,Box Score,Philadelphia 76ers,94,Brooklyn Nets,130,,
12 16 2013,Box Score,Orlando Magic,83,Chicago Bulls,82,,
12 16 2013,Box Score,Detroit Pistons,101,Indiana Pacers,96,,
12 16 2013,Box Score,San Antonio Spurs,92,Los Angeles Clippers,115,,
12 16 2013,Box Score,Utah Jazz,94,Miami Heat,117,,
12 16 2013,Box Score,Washington Wizards,102,New York Knicks,101,,
12 17 2013,Box Score,Sacramento Kings,87,Charlotte Bobcats,95,,
12 17 2013,Box Score,Portland Trail Blazers,119,Cleveland Cavaliers,116,,
12 17 2013,Box Score,Oklahoma City Thunder,105,Denver Nuggets,93,,
12 17 2013,Box Score,New Orleans Pelicans,93,Golden State Warriors,104,,
12 17 2013,Box Score,Los Angeles Lakers,96,Memphis Grizzlies,92,,
12 18 2013,Box Score,Sacramento Kings,107,Atlanta Hawks,124,,
12 18 2013,Box Score,Detroit Pistons,107,Boston Celtics,106,,
12 18 2013,Box Score,Washington Wizards,113,Brooklyn Nets,107,,
12 18 2013,Box Score,Memphis Grizzlies,91,Dallas Mavericks,105,,
12 18 2013,Box Score,Chicago Bulls,94,Houston Rockets,109,,
12 18 2013,Box Score,New Orleans Pelicans,95,Los Angeles Clippers,108,,
12 18 2013,Box Score,Indiana Pacers,94,Miami Heat,97,,
12 18 2013,Box Score,New York Knicks,107,Milwaukee Bucks,101,2OT,
12 18 2013,Box Score,Portland Trail Blazers,109,Minnesota Timberwolves,120,,
12 18 2013,Box Score,Utah Jazz,86,Orlando Magic,82,,
12 18 2013,Box Score,San Antonio Spurs,108,Phoenix Suns,101,,
12 18 2013,Box Score,Charlotte Bobcats,104,Toronto Raptors,102,OT,
12 19 2013,Box Score,San Antonio Spurs,104,Golden State Warriors,102,,
12 19 2013,Box Score,Chicago Bulls,95,Oklahoma City Thunder,107,,
12 20 2013,Box Score,Utah Jazz,85,Atlanta Hawks,118,,
12 20 2013,Box Score,Milwaukee Bucks,111,Cleveland Cavaliers,114,OT,
12 20 2013,Box Score,Toronto Raptors,109,Dallas Mavericks,108,OT,
12 20 2013,Box Score,Phoenix Suns,103,Denver Nuggets,99,,
12 20 2013,Box Score,Charlotte Bobcats,116,Detroit Pistons,106,,
12 20 2013,Box Score,Houston Rockets,81,Indiana Pacers,114,,
12 20 2013,Box Score,Minnesota Timberwolves,91,Los Angeles Lakers,104,,
12 20 2013,Box Score,Sacramento Kings,103,Miami Heat,122,,
12 20 2013,Box Score,Brooklyn Nets,120,Philadelphia 76ers,121,OT,
12 21 2013,Box Score,Washington Wizards,106,Boston Celtics,99,,
12 21 2013,Box Score,Utah Jazz,88,Charlotte Bobcats,85,,
12 21 2013,Box Score,Cleveland Cavaliers,84,Chicago Bulls,100,,
12 21 2013,Box Score,Houston Rockets,114,Detroit Pistons,97,,
12 21 2013,Box Score,Los Angeles Lakers,83,Golden State Warriors,102,,
12 21 2013,Box Score,Denver Nuggets,91,Los Angeles Clippers,112,,
12 21 2013,Box Score,Philadelphia 76ers,106,Milwaukee Bucks,116,,
12 21 2013,Box Score,Memphis Grizzlies,95,New York Knicks,87,,
12 21 2013,Box Score,Sacramento Kings,105,Orlando Magic,100,,
12 21 2013,Box Score,Dallas Mavericks,108,Phoenix Suns,123,,
12 21 2013,Box Score,New Orleans Pelicans,107,Portland Trail Blazers,110,,
12 21 2013,Box Score,Oklahoma City Thunder,113,San Antonio Spurs,100,,
12 22 2013,Box Score,Boston Celtics,79,Indiana Pacers,106,,
12 22 2013,Box Score,Minnesota Timberwolves,116,Los Angeles Clippers,120,OT,
12 22 2013,Box Score,Toronto Raptors,104,Oklahoma City Thunder,98,,
12 23 2013,Box Score,Indiana Pacers,103,Brooklyn Nets,86,,
12 23 2013,Box Score,Milwaukee Bucks,110,Charlotte Bobcats,111,OT,
12 23 2013,Box Score,Detroit Pistons,115,Cleveland Cavaliers,92,,
12 23 2013,Box Score,Golden State Warriors,89,Denver Nuggets,81,,
12 23 2013,Box Score,Dallas Mavericks,111,Houston Rockets,104,,
12 23 2013,Box Score,Utah Jazz,94,Memphis Grizzlies,104,,
12 23 2013,Box Score,Atlanta Hawks,119,Miami Heat,121,OT,
12 23 2013,Box Score,New York Knicks,103,Orlando Magic,98,,
12 23 2013,Box Score,Los Angeles Lakers,90,Phoenix Suns,117,,
12 23 2013,Box Score,New Orleans Pelicans,113,Sacramento Kings,100,,
12 23 2013,Box Score,Toronto Raptors,99,San Antonio Spurs,112,,
12 25 2013,Box Score,Chicago Bulls,95,Brooklyn Nets,78,,
12 25 2013,Box Score,Los Angeles Clippers,103,Golden State Warriors,105,,
12 25 2013,Box Score,Miami Heat,101,Los Angeles Lakers,95,,
12 25 2013,Box Score,Oklahoma City Thunder,123,New York Knicks,94,,
12 25 2013,Box Score,Houston Rockets,111,San Antonio Spurs,98,,
12 26 2013,Box Score,Atlanta Hawks,127,Cleveland Cavaliers,125,2OT,
12 26 2013,Box Score,San Antonio Spurs,116,Dallas Mavericks,107,,
12 26 2013,Box Score,Memphis Grizzlies,92,Houston Rockets,100,,
12 26 2013,Box Score,Los Angeles Clippers,112,Portland Trail Blazers,116,OT,
12 27 2013,Box Score,Milwaukee Bucks,93,Brooklyn Nets,104,,
12 27 2013,Box Score,Oklahoma City Thunder,89,Charlotte Bobcats,85,,
12 27 2013,Box Score,Phoenix Suns,86,Golden State Warriors,115,,
12 27 2013,Box Score,Washington Wizards,98,Minnesota Timberwolves,120,,
12 27 2013,Box Score,Denver Nuggets,89,New Orleans Pelicans,105,,
12 27 2013,Box Score,Toronto Raptors,95,New York Knicks,83,,
12 27 2013,Box Score,Detroit Pistons,92,Orlando Magic,109,,
12 27 2013,Box Score,Miami Heat,103,Sacramento Kings,108,OT,
12 27 2013,Box Score,Los Angeles Lakers,103,Utah Jazz,105,,
12 28 2013,Box Score,Charlotte Bobcats,116,Atlanta Hawks,118,OT,
12 28 2013,Box Score,Cleveland Cavaliers,100,Boston Celtics,103,,
12 28 2013,Box Score,Dallas Mavericks,105,Chicago Bulls,83,,
12 28 2013,Box Score,New Orleans Pelicans,98,Houston Rockets,107,,
12 28 2013,Box Score,Brooklyn Nets,91,Indiana Pacers,105,,
12 28 2013,Box Score,Utah Jazz,90,Los Angeles Clippers,98,,
12 28 2013,Box Score,Denver Nuggets,99,Memphis Grizzlies,120,,
12 28 2013,Box Score,Minnesota Timberwolves,117,Milwaukee Bucks,95,,
12 28 2013,Box Score,Philadelphia 76ers,101,Phoenix Suns,115,,
12 28 2013,Box Score,Miami Heat,108,Portland Trail Blazers,107,,
12 28 2013,Box Score,New York Knicks,100,Toronto Raptors,115,,
12 28 2013,Box Score,Detroit Pistons,82,Washington Wizards,106,,
12 29 2013,Box Score,Golden State Warriors,108,Cleveland Cavaliers,104,OT,
12 29 2013,Box Score,Philadelphia 76ers,111,Los Angeles Lakers,104,,
12 29 2013,Box Score,Houston Rockets,86,Oklahoma City Thunder,117,,
12 29 2013,Box Score,Atlanta Hawks,102,Orlando Magic,109,,
12 29 2013,Box Score,Sacramento Kings,104,San Antonio Spurs,112,,
12 30 2013,Box Score,Miami Heat,97,Denver Nuggets,94,,
12 30 2013,Box Score,Washington Wizards,106,Detroit Pistons,99,,
12 30 2013,Box Score,Phoenix Suns,107,Los Angeles Clippers,88,,
12 30 2013,Box Score,Chicago Bulls,95,Memphis Grizzlies,91,,
12 30 2013,Box Score,Dallas Mavericks,100,Minnesota Timberwolves,98,,
12 30 2013,Box Score,Portland Trail Blazers,108,New Orleans Pelicans,110,,
12 30 2013,Box Score,Charlotte Bobcats,80,Utah Jazz,83,,
12 31 2013,Box Score,Atlanta Hawks,92,Boston Celtics,91,,
12 31 2013,Box Score,Toronto Raptors,85,Chicago Bulls,79,,
12 31 2013,Box Score,Sacramento Kings,110,Houston Rockets,106,,
12 31 2013,Box Score,Cleveland Cavaliers,76,Indiana Pacers,91,,
12 31 2013,Box Score,Milwaukee Bucks,94,Los Angeles Lakers,79,,
12 31 2013,Box Score,Portland Trail Blazers,98,Oklahoma City Thunder,94,,
12 31 2013,Box Score,Golden State Warriors,94,Orlando Magic,81,,
12 31 2013,Box Score,Brooklyn Nets,92,San Antonio Spurs,113,,
1 1 2014,Box Score,Philadelphia 76ers,114,Denver Nuggets,102,,
1 1 2014,Box Score,Charlotte Bobcats,85,Los Angeles Clippers,112,,
1 1 2014,Box Score,New Orleans Pelicans,112,Minnesota Timberwolves,124,,
1 1 2014,Box Score,Indiana Pacers,82,Toronto Raptors,95,,
1 1 2014,Box Score,Dallas Mavericks,87,Washington Wizards,78,,
1 2 2014,Box Score,Boston Celtics,82,Chicago Bulls,94,,
1 2 2014,Box Score,Orlando Magic,81,Cleveland Cavaliers,87,OT,
1 2 2014,Box Score,Golden State Warriors,123,Miami Heat,114,,
1 2 2014,Box Score,Brooklyn Nets,95,Oklahoma City Thunder,93,,
1 2 2014,Box Score,Memphis Grizzlies,99,Phoenix Suns,91,,
1 2 2014,Box Score,Charlotte Bobcats,104,Portland Trail Blazers,134,,
1 2 2014,Box Score,Philadelphia 76ers,113,Sacramento Kings,104,,
1 2 2014,Box Score,New York Knicks,105,San Antonio Spurs,101,,
1 2 2014,Box Score,Milwaukee Bucks,87,Utah Jazz,96,,
1 3 2014,Box Score,Golden State Warriors,101,Atlanta Hawks,100,,
1 3 2014,Box Score,New Orleans Pelicans,95,Boston Celtics,92,,
1 3 2014,Box Score,Los Angeles Clippers,119,Dallas Mavericks,112,,
1 3 2014,Box Score,Memphis Grizzlies,108,Denver Nuggets,111,,
1 3 2014,Box Score,New York Knicks,100,Houston Rockets,102,,
1 3 2014,Box Score,Utah Jazz,99,Los Angeles Lakers,110,,
1 3 2014,Box Score,Toronto Raptors,101,Washington Wizards,88,,
1 4 2014,Box Score,Cleveland Cavaliers,82,Brooklyn Nets,89,,
1 4 2014,Box Score,Atlanta Hawks,84,Chicago Bulls,91,,
1 4 2014,Box Score,New Orleans Pelicans,82,Indiana Pacers,99,,
1 4 2014,Box Score,Oklahoma City Thunder,115,Minnesota Timberwolves,111,,
1 4 2014,Box Score,Miami Heat,110,Orlando Magic,94,,
1 4 2014,Box Score,Milwaukee Bucks,100,Phoenix Suns,116,,
1 4 2014,Box Score,Philadelphia 76ers,101,Portland Trail Blazers,99,,
1 4 2014,Box Score,Charlotte Bobcats,113,Sacramento Kings,103,,
1 4 2014,Box Score,Los Angeles Clippers,92,San Antonio Spurs,116,,
1 5 2014,Box Score,Indiana Pacers,82,Cleveland Cavaliers,78,,
1 5 2014,Box Score,New York Knicks,92,Dallas Mavericks,80,,
1 5 2014,Box Score,Memphis Grizzlies,112,Detroit Pistons,84,,
1 5 2014,Box Score,Denver Nuggets,137,Los Angeles Lakers,115,,
1 5 2014,Box Score,Toronto Raptors,97,Miami Heat,102,,
1 5 2014,Box Score,Boston Celtics,96,Oklahoma City Thunder,119,,
1 5 2014,Box Score,Golden State Warriors,112,Washington Wizards,96,,
1 6 2014,Box Score,Atlanta Hawks,86,Brooklyn Nets,91,,
1 6 2014,Box Score,Orlando Magic,81,Los Angeles Clippers,101,,
1 6 2014,Box Score,Minnesota Timberwolves,126,Philadelphia 76ers,95,,
1 7 2014,Box Score,Washington Wizards,97,Charlotte Bobcats,83,,
1 7 2014,Box Score,Phoenix Suns,87,Chicago Bulls,92,,
1 7 2014,Box Score,Philadelphia 76ers,93,Cleveland Cavaliers,111,,
1 7 2014,Box Score,Los Angeles Lakers,97,Dallas Mavericks,110,,
1 7 2014,Box Score,Boston Celtics,98,Denver Nuggets,129,,
1 7 2014,Box Score,Toronto Raptors,79,Indiana Pacers,86,,
1 7 2014,Box Score,San Antonio Spurs,110,Memphis Grizzlies,108,OT,
1 7 2014,Box Score,New Orleans Pelicans,88,Miami Heat,107,,
1 7 2014,Box Score,Golden State Warriors,101,Milwaukee Bucks,80,,
1 7 2014,Box Score,Detroit Pistons,85,New York Knicks,89,,
1 7 2014,Box Score,Portland Trail Blazers,119,Sacramento Kings,123,,
1 7 2014,Box Score,Oklahoma City Thunder,101,Utah Jazz,112,,
1 8 2014,Box Score,Indiana Pacers,87,Atlanta Hawks,97,,
1 8 2014,Box Score,Golden State Warriors,98,Brooklyn Nets,102,,
1 8 2014,Box Score,Los Angeles Lakers,99,Houston Rockets,113,,
1 8 2014,Box Score,Boston Celtics,105,Los Angeles Clippers,111,,
1 8 2014,Box Score,Phoenix Suns,104,Minnesota Timberwolves,103,,
1 8 2014,Box Score,Washington Wizards,102,New Orleans Pelicans,96,,
1 8 2014,Box Score,Orlando Magic,94,Portland Trail Blazers,110,,
1 8 2014,Box Score,Dallas Mavericks,90,San Antonio Spurs,112,,
1 8 2014,Box Score,Detroit Pistons,91,Toronto Raptors,112,,
1 9 2014,Box Score,Oklahoma City Thunder,88,Denver Nuggets,101,,
1 9 2014,Box Score,Miami Heat,92,New York Knicks,102,,
1 10 2014,Box Score,Houston Rockets,80,Atlanta Hawks,83,,
1 10 2014,Box Score,Miami Heat,95,Brooklyn Nets,104,2OT,
1 10 2014,Box Score,Boston Celtics,97,Golden State Warriors,99,,
1 10 2014,Box Score,Washington Wizards,66,Indiana Pacers,93,,
1 10 2014,Box Score,Los Angeles Lakers,87,Los Angeles Clippers,123,,
1 10 2014,Box Score,Phoenix Suns,99,Memphis Grizzlies,104,,
1 10 2014,Box Score,Chicago Bulls,81,Milwaukee Bucks,72,,
1 10 2014,Box Score,Charlotte Bobcats,92,Minnesota Timberwolves,119,,
1 10 2014,Box Score,Dallas Mavericks,107,New Orleans Pelicans,90,,
1 10 2014,Box Score,Detroit Pistons,114,Philadelphia 76ers,104,,
1 10 2014,Box Score,Orlando Magic,83,Sacramento Kings,103,,
1 10 2014,Box Score,Cleveland Cavaliers,113,Utah Jazz,102,,
1 11 2014,Box Score,Charlotte Bobcats,97,Chicago Bulls,103,,
1 11 2014,Box Score,New Orleans Pelicans,107,Dallas Mavericks,110,,
1 11 2014,Box Score,Orlando Magic,94,Denver Nuggets,120,,
1 11 2014,Box Score,Phoenix Suns,108,Detroit Pistons,110,,
1 11 2014,Box Score,Milwaukee Bucks,85,Oklahoma City Thunder,101,,
1 11 2014,Box Score,New York Knicks,102,Philadelphia 76ers,92,,
1 11 2014,Box Score,Boston Celtics,104,Portland Trail Blazers,112,,
1 11 2014,Box Score,Brooklyn Nets,80,Toronto Raptors,96,,
1 11 2014,Box Score,Houston Rockets,114,Washington Wizards,107,,
1 12 2014,Box Score,Atlanta Hawks,101,Memphis Grizzlies,108,,
1 12 2014,Box Score,Cleveland Cavaliers,80,Sacramento Kings,124,,
1 12 2014,Box Score,Minnesota Timberwolves,86,San Antonio Spurs,104,,
1 13 2014,Box Score,Houston Rockets,104,Boston Celtics,92,,
1 13 2014,Box Score,Washington Wizards,102,Chicago Bulls,88,,
1 13 2014,Box Score,Orlando Magic,88,Dallas Mavericks,107,,
1 13 2014,Box Score,San Antonio Spurs,101,New Orleans Pelicans,95,,
1 13 2014,Box Score,Phoenix Suns,96,New York Knicks,98,OT,
1 13 2014,Box Score,Milwaukee Bucks,94,Toronto Raptors,116,,
1 13 2014,Box Score,Denver Nuggets,103,Utah Jazz,118,,
1 14 2014,Box Score,New York Knicks,98,Charlotte Bobcats,108,,
1 14 2014,Box Score,Sacramento Kings,92,Indiana Pacers,116,,
1 14 2014,Box Score,Cleveland Cavaliers,120,Los Angeles Lakers,118,,
1 14 2014,Box Score,Oklahoma City Thunder,87,Memphis Grizzlies,90,,
1 15 2014,Box Score,Toronto Raptors,83,Boston Celtics,88,,
1 15 2014,Box Score,Denver Nuggets,123,Golden State Warriors,116,,
1 15 2014,Box Score,Dallas Mavericks,127,Los Angeles Clippers,129,,
1 15 2014,Box Score,Memphis Grizzlies,82,Milwaukee Bucks,77,,
1 15 2014,Box Score,Sacramento Kings,111,Minnesota Timberwolves,108,,
1 15 2014,Box Score,Houston Rockets,103,New Orleans Pelicans,100,,
1 15 2014,Box Score,Chicago Bulls,128,Orlando Magic,125,3OT,
1 15 2014,Box Score,Charlotte Bobcats,92,Philadelphia 76ers,95,,
1 15 2014,Box Score,Los Angeles Lakers,114,Phoenix Suns,121,,
1 15 2014,Box Score,Cleveland Cavaliers,96,Portland Trail Blazers,108,,
1 15 2014,Box Score,Utah Jazz,105,San Antonio Spurs,109,,
1 15 2014,Box Score,Miami Heat,97,Washington Wizards,114,,
1 16 2014,Box Score,Brooklyn Nets,127,Atlanta Hawks,110,,at London England
1 16 2014,Box Score,Oklahoma City Thunder,104,Houston Rockets,92,,
1 16 2014,Box Score,New York Knicks,89,Indiana Pacers,117,,
1 17 2014,Box Score,Los Angeles Lakers,107,Boston Celtics,104,,
1 17 2014,Box Score,Cleveland Cavaliers,117,Denver Nuggets,109,,
1 17 2014,Box Score,Utah Jazz,110,Detroit Pistons,89,,
1 17 2014,Box Score,Sacramento Kings,90,Memphis Grizzlies,91,,
1 17 2014,Box Score,Los Angeles Clippers,109,New York Knicks,95,,
1 17 2014,Box Score,Golden State Warriors,121,Oklahoma City Thunder,127,,
1 17 2014,Box Score,Charlotte Bobcats,111,Orlando Magic,101,,
1 17 2014,Box Score,Miami Heat,101,Philadelphia 76ers,86,,
1 17 2014,Box Score,Dallas Mavericks,110,Phoenix Suns,107,,
1 17 2014,Box Score,Portland Trail Blazers,109,San Antonio Spurs,100,,
1 17 2014,Box Score,Minnesota Timberwolves,89,Toronto Raptors,94,,
1 17 2014,Box Score,Chicago Bulls,93,Washington Wizards,96,,
1 18 2014,Box Score,Miami Heat,104,Charlotte Bobcats,96,OT,
1 18 2014,Box Score,Philadelphia 76ers,78,Chicago Bulls,103,,
1 18 2014,Box Score,Portland Trail Blazers,127,Dallas Mavericks,111,,
1 18 2014,Box Score,Milwaukee Bucks,104,Houston Rockets,114,,
1 18 2014,Box Score,Los Angeles Clippers,92,Indiana Pacers,106,,
1 18 2014,Box Score,Utah Jazz,72,Minnesota Timberwolves,98,,
1 18 2014,Box Score,Golden State Warriors,97,New Orleans Pelicans,87,,
1 18 2014,Box Score,Detroit Pistons,104,Washington Wizards,98,,
1 19 2014,Box Score,Sacramento Kings,93,Oklahoma City Thunder,108,,
1 19 2014,Box Score,Boston Celtics,91,Orlando Magic,93,,
1 19 2014,Box Score,Denver Nuggets,103,Phoenix Suns,117,,
1 19 2014,Box Score,Milwaukee Bucks,82,San Antonio Spurs,110,,
1 19 2014,Box Score,Los Angeles Lakers,112,Toronto Raptors,106,,
1 20 2014,Box Score,Miami Heat,114,Atlanta Hawks,121,,
1 20 2014,Box Score,Toronto Raptors,95,Charlotte Bobcats,100,,
1 20 2014,Box Score,Los Angeles Lakers,100,Chicago Bulls,102,OT,
1 20 2014,Box Score,Dallas Mavericks,102,Cleveland Cavaliers,97,,
1 20 2014,Box Score,Los Angeles Clippers,112,Detroit Pistons,103,,
1 20 2014,Box Score,Indiana Pacers,102,Golden State Warriors,94,,
1 20 2014,Box Score,Portland Trail Blazers,113,Houston Rockets,126,,
1 20 2014,Box Score,New Orleans Pelicans,95,Memphis Grizzlies,92,,
1 20 2014,Box Score,Brooklyn Nets,103,New York Knicks,80,,
1 20 2014,Box Score,Philadelphia 76ers,99,Washington Wizards,107,,
1 21 2014,Box Score,Orlando Magic,90,Brooklyn Nets,101,,
1 21 2014,Box Score,Boston Celtics,86,Miami Heat,93,,
1 21 2014,Box Score,Sacramento Kings,114,New Orleans Pelicans,97,,
1 21 2014,Box Score,Portland Trail Blazers,97,Oklahoma City Thunder,105,,
1 21 2014,Box Score,Minnesota Timberwolves,112,Utah Jazz,97,,
1 22 2014,Box Score,Los Angeles Clippers,91,Charlotte Bobcats,95,,
1 22 2014,Box Score,Chicago Bulls,98,Cleveland Cavaliers,87,,
1 22 2014,Box Score,Sacramento Kings,98,Houston Rockets,119,,
1 22 2014,Box Score,Detroit Pistons,101,Milwaukee Bucks,104,,
1 22 2014,Box Score,Philadelphia 76ers,110,New York Knicks,106,,
1 22 2014,Box Score,Atlanta Hawks,112,Orlando Magic,109,,
1 22 2014,Box Score,Indiana Pacers,100,Phoenix Suns,124,,
1 22 2014,Box Score,Oklahoma City Thunder,111,San Antonio Spurs,105,,
1 22 2014,Box Score,Dallas Mavericks,85,Toronto Raptors,93,,
1 22 2014,Box Score,Boston Celtics,113,Washington Wizards,111,OT,
1 23 2014,Box Score,Los Angeles Lakers,102,Miami Heat,109,,
1 23 2014,Box Score,Denver Nuggets,105,Portland Trail Blazers,110,,
1 24 2014,Box Score,San Antonio Spurs,105,Atlanta Hawks,79,,
1 24 2014,Box Score,Oklahoma City Thunder,101,Boston Celtics,83,,
1 24 2014,Box Score,Dallas Mavericks,106,Brooklyn Nets,107,,
1 24 2014,Box Score,Los Angeles Clippers,112,Chicago Bulls,95,,
1 24 2014,Box Score,Milwaukee Bucks,78,Cleveland Cavaliers,93,,
1 24 2014,Box Score,New Orleans Pelicans,103,Detroit Pistons,101,,
1 24 2014,Box Score,Minnesota Timberwolves,121,Golden State Warriors,120,,
1 24 2014,Box Score,Memphis Grizzlies,88,Houston Rockets,87,,
1 24 2014,Box Score,Charlotte Bobcats,96,New York Knicks,125,,
1 24 2014,Box Score,Los Angeles Lakers,105,Orlando Magic,114,,
1 24 2014,Box Score,Toronto Raptors,104,Philadelphia 76ers,95,,
1 24 2014,Box Score,Washington Wizards,101,Phoenix Suns,95,,
1 24 2014,Box Score,Indiana Pacers,116,Sacramento Kings,111,OT,
1 25 2014,Box Score,Chicago Bulls,89,Charlotte Bobcats,87,,
1 25 2014,Box Score,Indiana Pacers,96,Denver Nuggets,109,,
1 25 2014,Box Score,Houston Rockets,81,Memphis Grizzlies,99,,
1 25 2014,Box Score,Atlanta Hawks,112,Milwaukee Bucks,87,,
1 25 2014,Box Score,Oklahoma City Thunder,103,Philadelphia 76ers,91,,
1 25 2014,Box Score,Minnesota Timberwolves,104,Portland Trail Blazers,115,,
1 25 2014,Box Score,Los Angeles Clippers,126,Toronto Raptors,118,,
1 25 2014,Box Score,Washington Wizards,101,Utah Jazz,104,,
1 26 2014,Box Score,Brooklyn Nets,85,Boston Celtics,79,,
1 26 2014,Box Score,Phoenix Suns,99,Cleveland Cavaliers,90,,
1 26 2014,Box Score,Detroit Pistons,106,Dallas Mavericks,116,,
1 26 2014,Box Score,Portland Trail Blazers,88,Golden State Warriors,103,,
1 26 2014,Box Score,San Antonio Spurs,101,Miami Heat,113,,
1 26 2014,Box Score,Orlando Magic,92,New Orleans Pelicans,100,,
1 26 2014,Box Score,Los Angeles Lakers,103,New York Knicks,110,,
1 26 2014,Box Score,Denver Nuggets,125,Sacramento Kings,117,,
1 27 2014,Box Score,Toronto Raptors,104,Brooklyn Nets,103,,
1 27 2014,Box Score,Minnesota Timberwolves,95,Chicago Bulls,86,,
1 27 2014,Box Score,Los Angeles Clippers,114,Milwaukee Bucks,86,,
1 27 2014,Box Score,Atlanta Hawks,109,Oklahoma City Thunder,111,,
1 27 2014,Box Score,Phoenix Suns,124,Philadelphia 76ers,113,,
1 27 2014,Box Score,Sacramento Kings,99,Utah Jazz,106,,
1 28 2014,Box Score,New Orleans Pelicans,100,Cleveland Cavaliers,89,,
1 28 2014,Box Score,Orlando Magic,87,Detroit Pistons,103,,
1 28 2014,Box Score,Washington Wizards,88,Golden State Warriors,85,,
1 28 2014,Box Score,San Antonio Spurs,90,Houston Rockets,97,,
1 28 2014,Box Score,Indiana Pacers,104,Los Angeles Lakers,92,,
1 28 2014,Box Score,Boston Celtics,88,New York Knicks,114,,
1 28 2014,Box Score,Memphis Grizzlies,98,Portland Trail Blazers,81,,
1 29 2014,Box Score,Philadelphia 76ers,95,Boston Celtics,94,,
1 29 2014,Box Score,Houston Rockets,117,Dallas Mavericks,115,,
1 29 2014,Box Score,Charlotte Bobcats,101,Denver Nuggets,98,,
1 29 2014,Box Score,Washington Wizards,103,Los Angeles Clippers,110,,
1 29 2014,Box Score,Oklahoma City Thunder,112,Miami Heat,95,,
1 29 2014,Box Score,Phoenix Suns,126,Milwaukee Bucks,117,,
1 29 2014,Box Score,New Orleans Pelicans,77,Minnesota Timberwolves,88,,
1 29 2014,Box Score,Memphis Grizzlies,99,Sacramento Kings,89,,
1 29 2014,Box Score,Chicago Bulls,96,San Antonio Spurs,86,,
1 29 2014,Box Score,Orlando Magic,83,Toronto Raptors,98,,
1 30 2014,Box Score,Los Angeles Clippers,92,Golden State Warriors,111,,
1 30 2014,Box Score,Phoenix Suns,102,Indiana Pacers,94,,
1 30 2014,Box Score,Cleveland Cavaliers,86,New York Knicks,117,,
1 31 2014,Box Score,Oklahoma City Thunder,120,Brooklyn Nets,95,,
1 31 2014,Box Score,Sacramento Kings,103,Dallas Mavericks,107,,
1 31 2014,Box Score,Toronto Raptors,100,Denver Nuggets,90,,
1 31 2014,Box Score,Charlotte Bobcats,110,Los Angeles Lakers,100,,
1 31 2014,Box Score,Memphis Grizzlies,94,Minnesota Timberwolves,90,,
1 31 2014,Box Score,Milwaukee Bucks,102,Orlando Magic,113,,
1 31 2014,Box Score,Atlanta Hawks,125,Philadelphia 76ers,99,,
1 31 2014,Box Score,Golden State Warriors,95,Utah Jazz,90,,
2 1 2014,Box Score,Minnesota Timberwolves,113,Atlanta Hawks,120,,
2 1 2014,Box Score,Philadelphia 76ers,96,Detroit Pistons,113,,
2 1 2014,Box Score,Cleveland Cavaliers,92,Houston Rockets,106,,
2 1 2014,Box Score,Brooklyn Nets,96,Indiana Pacers,97,,
2 1 2014,Box Score,Utah Jazz,87,Los Angeles Clippers,102,,
2 1 2014,Box Score,Milwaukee Bucks,90,Memphis Grizzlies,99,,
2 1 2014,Box Score,Chicago Bulls,79,New Orleans Pelicans,88,,
2 1 2014,Box Score,Miami Heat,106,New York Knicks,91,,
2 1 2014,Box Score,Charlotte Bobcats,95,Phoenix Suns,105,,
2 1 2014,Box Score,Toronto Raptors,103,Portland Trail Blazers,106,,
2 1 2014,Box Score,Sacramento Kings,93,San Antonio Spurs,95,,
2 1 2014,Box Score,Oklahoma City Thunder,81,Washington Wizards,96,,
2 2 2014,Box Score,Orlando Magic,89,Boston Celtics,96,,
2 3 2014,Box Score,Philadelphia 76ers,102,Brooklyn Nets,108,,
2 3 2014,Box Score,Cleveland Cavaliers,107,Dallas Mavericks,124,,
2 3 2014,Box Score,Los Angeles Clippers,115,Denver Nuggets,116,,
2 3 2014,Box Score,Orlando Magic,79,Indiana Pacers,98,,
2 3 2014,Box Score,Detroit Pistons,96,Miami Heat,102,,
2 3 2014,Box Score,New York Knicks,98,Milwaukee Bucks,101,,
2 3 2014,Box Score,San Antonio Spurs,102,New Orleans Pelicans,95,,
2 3 2014,Box Score,Memphis Grizzlies,77,Oklahoma City Thunder,86,,
2 3 2014,Box Score,Chicago Bulls,70,Sacramento Kings,99,,
2 3 2014,Box Score,Toronto Raptors,94,Utah Jazz,79,,
2 3 2014,Box Score,Portland Trail Blazers,90,Washington Wizards,100,,
2 4 2014,Box Score,Indiana Pacers,89,Atlanta Hawks,85,,
2 4 2014,Box Score,Charlotte Bobcats,91,Golden State Warriors,75,,
2 4 2014,Box Score,Los Angeles Lakers,99,Minnesota Timberwolves,109,,
2 4 2014,Box Score,Chicago Bulls,101,Phoenix Suns,92,,
2 5 2014,Box Score,Los Angeles Lakers,119,Cleveland Cavaliers,108,,
2 5 2014,Box Score,Milwaukee Bucks,100,Denver Nuggets,110,,
2 5 2014,Box Score,Phoenix Suns,108,Houston Rockets,122,,
2 5 2014,Box Score,Miami Heat,116,Los Angeles Clippers,112,,
2 5 2014,Box Score,Dallas Mavericks,110,Memphis Grizzlies,96,,
2 5 2014,Box Score,Atlanta Hawks,100,New Orleans Pelicans,105,,
2 5 2014,Box Score,Portland Trail Blazers,94,New York Knicks,90,,
2 5 2014,Box Score,Minnesota Timberwolves,97,Oklahoma City Thunder,106,,
2 5 2014,Box Score,Detroit Pistons,98,Orlando Magic,112,,
2 5 2014,Box Score,Boston Celtics,114,Philadelphia 76ers,108,,
2 5 2014,Box Score,Toronto Raptors,101,Sacramento Kings,109,,
2 5 2014,Box Score,San Antonio Spurs,125,Washington Wizards,118,2OT,
2 6 2014,Box Score,San Antonio Spurs,89,Brooklyn Nets,103,,
2 6 2014,Box Score,Chicago Bulls,87,Golden State Warriors,102,,
2 7 2014,Box Score,Sacramento Kings,89,Boston Celtics,99,,
2 7 2014,Box Score,Utah Jazz,81,Dallas Mavericks,103,,
2 7 2014,Box Score,Brooklyn Nets,95,Detroit Pistons,111,,
2 7 2014,Box Score,Portland Trail Blazers,113,Indiana Pacers,118,OT,
2 7 2014,Box Score,Toronto Raptors,105,Los Angeles Clippers,118,,
2 7 2014,Box Score,Minnesota Timberwolves,91,New Orleans Pelicans,98,,
2 7 2014,Box Score,Denver Nuggets,90,New York Knicks,117,,
2 7 2014,Box Score,Oklahoma City Thunder,102,Orlando Magic,103,,
2 7 2014,Box Score,Los Angeles Lakers,112,Philadelphia 76ers,98,,
2 7 2014,Box Score,Cleveland Cavaliers,115,Washington Wizards,113,,
2 8 2014,Box Score,Memphis Grizzlies,79,Atlanta Hawks,76,,
2 8 2014,Box Score,San Antonio Spurs,104,Charlotte Bobcats,100,,
2 8 2014,Box Score,Denver Nuggets,109,Detroit Pistons,126,,
2 8 2014,Box Score,Houston Rockets,101,Milwaukee Bucks,95,,
2 8 2014,Box Score,Portland Trail Blazers,117,Minnesota Timberwolves,110,,
2 8 2014,Box Score,Golden State Warriors,109,Phoenix Suns,122,,
2 8 2014,Box Score,Miami Heat,89,Utah Jazz,94,,
2 9 2014,Box Score,Dallas Mavericks,102,Boston Celtics,91,,
2 9 2014,Box Score,New Orleans Pelicans,81,Brooklyn Nets,93,,
2 9 2014,Box Score,Memphis Grizzlies,83,Cleveland Cavaliers,91,OT,
2 9 2014,Box Score,Philadelphia 76ers,78,Los Angeles Clippers,123,,
2 9 2014,Box Score,Chicago Bulls,92,Los Angeles Lakers,86,,
2 9 2014,Box Score,New York Knicks,100,Oklahoma City Thunder,112,,
2 9 2014,Box Score,Indiana Pacers,92,Orlando Magic,93,,
2 9 2014,Box Score,Sacramento Kings,84,Washington Wizards,93,,
2 10 2014,Box Score,San Antonio Spurs,100,Detroit Pistons,109,,
2 10 2014,Box Score,Philadelphia 76ers,80,Golden State Warriors,123,,
2 10 2014,Box Score,Denver Nuggets,80,Indiana Pacers,119,,
2 10 2014,Box Score,Boston Celtics,102,Milwaukee Bucks,86,,
2 10 2014,Box Score,Houston Rockets,107,Minnesota Timberwolves,89,,
2 10 2014,Box Score,New Orleans Pelicans,101,Toronto Raptors,108,,
2 11 2014,Box Score,Dallas Mavericks,89,Charlotte Bobcats,114,,
2 11 2014,Box Score,Atlanta Hawks,85,Chicago Bulls,100,,
2 11 2014,Box Score,Sacramento Kings,99,Cleveland Cavaliers,109,,
2 11 2014,Box Score,Utah Jazz,96,Los Angeles Lakers,79,,
2 11 2014,Box Score,Washington Wizards,89,Memphis Grizzlies,92,,
2 11 2014,Box Score,Miami Heat,103,Phoenix Suns,97,,
2 11 2014,Box Score,Oklahoma City Thunder,98,Portland Trail Blazers,95,,
2 12 2014,Box Score,San Antonio Spurs,104,Boston Celtics,92,,
2 12 2014,Box Score,Charlotte Bobcats,89,Brooklyn Nets,105,,
2 12 2014,Box Score,Cleveland Cavaliers,93,Detroit Pistons,89,,
2 12 2014,Box Score,Miami Heat,111,Golden State Warriors,110,,
2 12 2014,Box Score,Washington Wizards,112,Houston Rockets,113,,
2 12 2014,Box Score,Dallas Mavericks,81,Indiana Pacers,73,,
2 12 2014,Box Score,Portland Trail Blazers,117,Los Angeles Clippers,122,,
2 12 2014,Box Score,New Orleans Pelicans,102,Milwaukee Bucks,98,,
2 12 2014,Box Score,Denver Nuggets,90,Minnesota Timberwolves,117,,
2 12 2014,Box Score,Sacramento Kings,106,New York Knicks,101,OT,
2 12 2014,Box Score,Memphis Grizzlies,86,Orlando Magic,81,,
2 12 2014,Box Score,Atlanta Hawks,83,Toronto Raptors,104,,
2 12 2014,Box Score,Philadelphia 76ers,100,Utah Jazz,105,,
2 13 2014,Box Score,Brooklyn Nets,76,Chicago Bulls,92,,
2 13 2014,Box Score,Oklahoma City Thunder,107,Los Angeles Lakers,103,,
2 18 2014,Box Score,Miami Heat,117,Dallas Mavericks,106,,
2 18 2014,Box Score,Phoenix Suns,112,Denver Nuggets,107,OT,
2 18 2014,Box Score,Charlotte Bobcats,108,Detroit Pistons,96,,
2 18 2014,Box Score,Atlanta Hawks,98,Indiana Pacers,108,,
2 18 2014,Box Score,San Antonio Spurs,113,Los Angeles Clippers,103,,
2 18 2014,Box Score,New York Knicks,93,Memphis Grizzlies,98,,
2 18 2014,Box Score,Orlando Magic,100,Milwaukee Bucks,104,,
2 18 2014,Box Score,Cleveland Cavaliers,114,Philadelphia 76ers,85,,
2 18 2014,Box Score,Toronto Raptors,103,Washington Wizards,93,,
2 19 2014,Box Score,Washington Wizards,114,Atlanta Hawks,97,,
2 19 2014,Box Score,Detroit Pistons,98,Charlotte Bobcats,116,,
2 19 2014,Box Score,Orlando Magic,93,Cleveland Cavaliers,101,,
2 19 2014,Box Score,Houston Rockets,134,Los Angeles Lakers,108,,
2 19 2014,Box Score,Indiana Pacers,91,Minnesota Timberwolves,104,,
2 19 2014,Box Score,New York Knicks,98,New Orleans Pelicans,91,,
2 19 2014,Box Score,Boston Celtics,94,Phoenix Suns,100,,
2 19 2014,Box Score,San Antonio Spurs,111,Portland Trail Blazers,109,,
2 19 2014,Box Score,Golden State Warriors,101,Sacramento Kings,92,,
2 19 2014,Box Score,Chicago Bulls,94,Toronto Raptors,92,,
2 19 2014,Box Score,Brooklyn Nets,105,Utah Jazz,99,,
2 20 2014,Box Score,Houston Rockets,99,Golden State Warriors,102,OT,
2 20 2014,Box Score,Denver Nuggets,101,Milwaukee Bucks,90,,
2 20 2014,Box Score,Miami Heat,103,Oklahoma City Thunder,81,,
2 21 2014,Box Score,New Orleans Pelicans,87,Charlotte Bobcats,90,,
2 21 2014,Box Score,Denver Nuggets,89,Chicago Bulls,117,,
2 21 2014,Box Score,Atlanta Hawks,107,Detroit Pistons,115,,
2 21 2014,Box Score,Boston Celtics,92,Los Angeles Lakers,101,,
2 21 2014,Box Score,Los Angeles Clippers,96,Memphis Grizzlies,102,,
2 21 2014,Box Score,New York Knicks,121,Orlando Magic,129,2OT,
2 21 2014,Box Score,Dallas Mavericks,124,Philadelphia 76ers,112,,
2 21 2014,Box Score,San Antonio Spurs,85,Phoenix Suns,106,,
2 21 2014,Box Score,Utah Jazz,94,Portland Trail Blazers,102,,
2 21 2014,Box Score,Cleveland Cavaliers,91,Toronto Raptors,98,,
2 22 2014,Box Score,New York Knicks,98,Atlanta Hawks,107,,
2 22 2014,Box Score,Memphis Grizzlies,89,Charlotte Bobcats,92,,
2 22 2014,Box Score,Dallas Mavericks,113,Detroit Pistons,102,,
2 22 2014,Box Score,Brooklyn Nets,86,Golden State Warriors,93,,
2 22 2014,Box Score,Indiana Pacers,110,Milwaukee Bucks,100,,
2 22 2014,Box Score,Boston Celtics,98,Sacramento Kings,105,,
2 22 2014,Box Score,Minnesota Timberwolves,121,Utah Jazz,104,,
2 22 2014,Box Score,New Orleans Pelicans,93,Washington Wizards,94,,
2 23 2014,Box Score,Washington Wizards,96,Cleveland Cavaliers,83,,
2 23 2014,Box Score,Sacramento Kings,109,Denver Nuggets,95,,
2 23 2014,Box Score,Brooklyn Nets,108,Los Angeles Lakers,102,,
2 23 2014,Box Score,Chicago Bulls,79,Miami Heat,93,,
2 23 2014,Box Score,Los Angeles Clippers,125,Oklahoma City Thunder,117,,
2 23 2014,Box Score,Houston Rockets,115,Phoenix Suns,112,,
2 23 2014,Box Score,Minnesota Timberwolves,97,Portland Trail Blazers,108,,
2 23 2014,Box Score,Orlando Magic,90,Toronto Raptors,105,,
2 24 2014,Box Score,Golden State Warriors,104,Detroit Pistons,96,,
2 24 2014,Box Score,Los Angeles Clippers,123,New Orleans Pelicans,110,,
2 24 2014,Box Score,Dallas Mavericks,110,New York Knicks,108,,
2 24 2014,Box Score,Milwaukee Bucks,130,Philadelphia 76ers,110,,
2 24 2014,Box Score,Boston Celtics,98,Utah Jazz,110,,
2 25 2014,Box Score,Chicago Bulls,107,Atlanta Hawks,103,,
2 25 2014,Box Score,Toronto Raptors,99,Cleveland Cavaliers,93,,
2 25 2014,Box Score,Portland Trail Blazers,100,Denver Nuggets,95,,
2 25 2014,Box Score,Los Angeles Lakers,98,Indiana Pacers,118,,
2 25 2014,Box Score,Minnesota Timberwolves,110,Phoenix Suns,101,,
2 25 2014,Box Score,Houston Rockets,129,Sacramento Kings,103,,
2 25 2014,Box Score,Orlando Magic,106,Washington Wizards,115,,
2 26 2014,Box Score,Atlanta Hawks,104,Boston Celtics,115,,
2 26 2014,Box Score,Golden State Warriors,83,Chicago Bulls,103,,
2 26 2014,Box Score,New Orleans Pelicans,89,Dallas Mavericks,108,,
2 26 2014,Box Score,Houston Rockets,93,Los Angeles Clippers,101,,
2 26 2014,Box Score,Los Angeles Lakers,103,Memphis Grizzlies,108,,
2 26 2014,Box Score,Cleveland Cavaliers,114,Oklahoma City Thunder,104,,
2 26 2014,Box Score,Orlando Magic,101,Philadelphia 76ers,90,,
2 26 2014,Box Score,Brooklyn Nets,80,Portland Trail Blazers,124,,
2 26 2014,Box Score,Detroit Pistons,110,San Antonio Spurs,120,,
2 26 2014,Box Score,Phoenix Suns,86,Utah Jazz,109,,
2 27 2014,Box Score,Brooklyn Nets,112,Denver Nuggets,89,,
2 27 2014,Box Score,Milwaukee Bucks,96,Indiana Pacers,101,,
2 27 2014,Box Score,New York Knicks,82,Miami Heat,108,,
2 27 2014,Box Score,Washington Wizards,134,Toronto Raptors,129,3OT,
2 28 2014,Box Score,Utah Jazz,79,Cleveland Cavaliers,99,,
2 28 2014,Box Score,Chicago Bulls,100,Dallas Mavericks,91,,
2 28 2014,Box Score,Sacramento Kings,122,Los Angeles Lakers,126,,
2 28 2014,Box Score,Golden State Warriors,126,New York Knicks,103,,
2 28 2014,Box Score,Memphis Grizzlies,107,Oklahoma City Thunder,113,,
2 28 2014,Box Score,New Orleans Pelicans,104,Phoenix Suns,116,,
2 28 2014,Box Score,Charlotte Bobcats,82,San Antonio Spurs,92,,
3 1 2014,Box Score,Indiana Pacers,102,Boston Celtics,97,,
3 1 2014,Box Score,Detroit Pistons,110,Houston Rockets,118,,
3 1 2014,Box Score,New Orleans Pelicans,76,Los Angeles Clippers,108,,
3 1 2014,Box Score,Cleveland Cavaliers,96,Memphis Grizzlies,110,,
3 1 2014,Box Score,Orlando Magic,98,Miami Heat,112,,
3 1 2014,Box Score,Brooklyn Nets,107,Milwaukee Bucks,98,,
3 1 2014,Box Score,Washington Wizards,122,Philadelphia 76ers,103,,
3 1 2014,Box Score,Denver Nuggets,96,Portland Trail Blazers,102,,
3 1 2014,Box Score,Minnesota Timberwolves,108,Sacramento Kings,97,,
3 2 2014,Box Score,New York Knicks,90,Chicago Bulls,109,,
3 2 2014,Box Score,Utah Jazz,91,Indiana Pacers,94,,
3 2 2014,Box Score,Charlotte Bobcats,99,Oklahoma City Thunder,116,,
3 2 2014,Box Score,Philadelphia 76ers,81,Orlando Magic,92,,
3 2 2014,Box Score,Atlanta Hawks,120,Phoenix Suns,129,,
3 2 2014,Box Score,Dallas Mavericks,106,San Antonio Spurs,112,,
3 2 2014,Box Score,Golden State Warriors,98,Toronto Raptors,104,,
3 3 2014,Box Score,Chicago Bulls,80,Brooklyn Nets,96,,
3 3 2014,Box Score,Minnesota Timberwolves,132,Denver Nuggets,128,,
3 3 2014,Box Score,New York Knicks,85,Detroit Pistons,96,,
3 3 2014,Box Score,Charlotte Bobcats,107,Miami Heat,124,,
3 3 2014,Box Score,Utah Jazz,88,Milwaukee Bucks,114,,
3 3 2014,Box Score,Los Angeles Lakers,107,Portland Trail Blazers,106,,
3 3 2014,Box Score,New Orleans Pelicans,89,Sacramento Kings,96,,
3 3 2014,Box Score,Memphis Grizzlies,110,Washington Wizards,104,,
3 4 2014,Box Score,San Antonio Spurs,122,Cleveland Cavaliers,101,,
3 4 2014,Box Score,Miami Heat,103,Houston Rockets,106,,
3 4 2014,Box Score,Golden State Warriors,98,Indiana Pacers,96,,
3 4 2014,Box Score,New Orleans Pelicans,132,Los Angeles Lakers,125,,
3 4 2014,Box Score,Philadelphia 76ers,92,Oklahoma City Thunder,125,,
3 4 2014,Box Score,Los Angeles Clippers,104,Phoenix Suns,96,,
3 5 2014,Box Score,Golden State Warriors,108,Boston Celtics,88,,
3 5 2014,Box Score,Memphis Grizzlies,94,Brooklyn Nets,103,,
3 5 2014,Box Score,Indiana Pacers,87,Charlotte Bobcats,109,,
3 5 2014,Box Score,Dallas Mavericks,110,Denver Nuggets,115,,
3 5 2014,Box Score,Chicago Bulls,105,Detroit Pistons,94,,
3 5 2014,Box Score,Sacramento Kings,116,Milwaukee Bucks,102,,
3 5 2014,Box Score,New York Knicks,118,Minnesota Timberwolves,106,,
3 5 2014,Box Score,Houston Rockets,101,Orlando Magic,89,,
3 5 2014,Box Score,Atlanta Hawks,78,Portland Trail Blazers,102,,
3 5 2014,Box Score,Utah Jazz,91,Washington Wizards,104,,
3 6 2014,Box Score,Los Angeles Clippers,142,Los Angeles Lakers,94,,
3 6 2014,Box Score,Oklahoma City Thunder,122,Phoenix Suns,128,,
3 6 2014,Box Score,Miami Heat,87,San Antonio Spurs,111,,
3 7 2014,Box Score,Brooklyn Nets,84,Boston Celtics,91,,
3 7 2014,Box Score,Cleveland Cavaliers,92,Charlotte Bobcats,101,,
3 7 2014,Box Score,Memphis Grizzlies,85,Chicago Bulls,77,,
3 7 2014,Box Score,Portland Trail Blazers,98,Dallas Mavericks,103,,
3 7 2014,Box Score,Los Angeles Lakers,126,Denver Nuggets,134,,
3 7 2014,Box Score,Atlanta Hawks,97,Golden State Warriors,111,,
3 7 2014,Box Score,Indiana Pacers,86,Houston Rockets,112,,
3 7 2014,Box Score,Detroit Pistons,101,Minnesota Timberwolves,114,,
3 7 2014,Box Score,Milwaukee Bucks,104,New Orleans Pelicans,112,,
3 7 2014,Box Score,Utah Jazz,81,New York Knicks,108,,
3 7 2014,Box Score,Sacramento Kings,87,Toronto Raptors,99,,
3 8 2014,Box Score,New York Knicks,107,Cleveland Cavaliers,97,,
3 8 2014,Box Score,Atlanta Hawks,108,Los Angeles Clippers,109,,
3 8 2014,Box Score,Charlotte Bobcats,89,Memphis Grizzlies,111,,
3 8 2014,Box Score,Washington Wizards,114,Milwaukee Bucks,107,,
3 8 2014,Box Score,Utah Jazz,104,Philadelphia 76ers,92,,
3 8 2014,Box Score,Orlando Magic,112,San Antonio Spurs,121,,
3 9 2014,Box Score,Detroit Pistons,111,Boston Celtics,118,,
3 9 2014,Box Score,Sacramento Kings,89,Brooklyn Nets,104,,
3 9 2014,Box Score,Miami Heat,88,Chicago Bulls,95,OT,
3 9 2014,Box Score,Indiana Pacers,94,Dallas Mavericks,105,,
3 9 2014,Box Score,Phoenix Suns,107,Golden State Warriors,113,,
3 9 2014,Box Score,Portland Trail Blazers,113,Houston Rockets,118,OT,
3 9 2014,Box Score,Oklahoma City Thunder,110,Los Angeles Lakers,114,,
3 9 2014,Box Score,Toronto Raptors,111,Minnesota Timberwolves,104,,
3 9 2014,Box Score,Denver Nuggets,107,New Orleans Pelicans,111,OT,
3 10 2014,Box Score,Toronto Raptors,97,Brooklyn Nets,101,,
3 10 2014,Box Score,Denver Nuggets,98,Charlotte Bobcats,105,,
3 10 2014,Box Score,Phoenix Suns,105,Los Angeles Clippers,112,,
3 10 2014,Box Score,Washington Wizards,90,Miami Heat,99,,
3 10 2014,Box Score,Orlando Magic,98,Milwaukee Bucks,105,,
3 10 2014,Box Score,Philadelphia 76ers,110,New York Knicks,123,,
3 10 2014,Box Score,Atlanta Hawks,112,Utah Jazz,110,,
3 11 2014,Box Score,San Antonio Spurs,104,Chicago Bulls,96,,
3 11 2014,Box Score,Sacramento Kings,89,Detroit Pistons,99,,
3 11 2014,Box Score,Dallas Mavericks,85,Golden State Warriors,108,,
3 11 2014,Box Score,Boston Celtics,83,Indiana Pacers,94,,
3 11 2014,Box Score,Portland Trail Blazers,99,Memphis Grizzlies,109,,
3 11 2014,Box Score,Milwaukee Bucks,101,Minnesota Timberwolves,112,,
3 11 2014,Box Score,Houston Rockets,98,Oklahoma City Thunder,106,,
3 12 2014,Box Score,New York Knicks,116,Boston Celtics,92,,
3 12 2014,Box Score,Golden State Warriors,98,Los Angeles Clippers,111,,
3 12 2014,Box Score,Brooklyn Nets,96,Miami Heat,95,,
3 12 2014,Box Score,Memphis Grizzlies,90,New Orleans Pelicans,88,,
3 12 2014,Box Score,Denver Nuggets,120,Orlando Magic,112,,
3 12 2014,Box Score,Sacramento Kings,115,Philadelphia 76ers,98,,
3 12 2014,Box Score,Cleveland Cavaliers,110,Phoenix Suns,101,,
3 12 2014,Box Score,Portland Trail Blazers,90,San Antonio Spurs,103,,
3 12 2014,Box Score,Detroit Pistons,87,Toronto Raptors,101,,
3 12 2014,Box Score,Dallas Mavericks,108,Utah Jazz,101,,
3 12 2014,Box Score,Charlotte Bobcats,98,Washington Wizards,85,,
3 13 2014,Box Score,Milwaukee Bucks,97,Atlanta Hawks,102,,
3 13 2014,Box Score,Houston Rockets,87,Chicago Bulls,111,,
3 13 2014,Box Score,Los Angeles Lakers,102,Oklahoma City Thunder,131,,
3 14 2014,Box Score,Phoenix Suns,87,Boston Celtics,80,,
3 14 2014,Box Score,Minnesota Timberwolves,93,Charlotte Bobcats,105,,
3 14 2014,Box Score,Cleveland Cavaliers,103,Golden State Warriors,94,,
3 14 2014,Box Score,Denver Nuggets,111,Miami Heat,107,,
3 14 2014,Box Score,Portland Trail Blazers,111,New Orleans Pelicans,103,,
3 14 2014,Box Score,Washington Wizards,105,Orlando Magic,101,OT,
3 14 2014,Box Score,Indiana Pacers,101,Philadelphia 76ers,94,,
3 14 2014,Box Score,Los Angeles Lakers,85,San Antonio Spurs,119,,
3 14 2014,Box Score,Memphis Grizzlies,86,Toronto Raptors,99,,
3 14 2014,Box Score,Los Angeles Clippers,96,Utah Jazz,87,,
3 15 2014,Box Score,Denver Nuggets,92,Atlanta Hawks,97,,
3 15 2014,Box Score,Sacramento Kings,87,Chicago Bulls,94,,
3 15 2014,Box Score,Indiana Pacers,112,Detroit Pistons,104,OT,
3 15 2014,Box Score,Milwaukee Bucks,94,New York Knicks,115,,
3 15 2014,Box Score,Memphis Grizzlies,103,Philadelphia 76ers,77,,
3 15 2014,Box Score,Brooklyn Nets,94,Washington Wizards,101,,
3 16 2014,Box Score,Cleveland Cavaliers,80,Los Angeles Clippers,102,,
3 16 2014,Box Score,Houston Rockets,104,Miami Heat,113,,
3 16 2014,Box Score,Charlotte Bobcats,101,Milwaukee Bucks,92,,
3 16 2014,Box Score,Sacramento Kings,102,Minnesota Timberwolves,104,,
3 16 2014,Box Score,Boston Celtics,120,New Orleans Pelicans,121,OT,
3 16 2014,Box Score,Dallas Mavericks,109,Oklahoma City Thunder,86,,
3 16 2014,Box Score,Golden State Warriors,113,Portland Trail Blazers,112,,
3 16 2014,Box Score,Utah Jazz,104,San Antonio Spurs,122,,
3 16 2014,Box Score,Phoenix Suns,121,Toronto Raptors,113,,
3 17 2014,Box Score,Phoenix Suns,95,Brooklyn Nets,108,,
3 17 2014,Box Score,Atlanta Hawks,97,Charlotte Bobcats,83,,
3 17 2014,Box Score,Oklahoma City Thunder,97,Chicago Bulls,85,,
3 17 2014,Box Score,Boston Celtics,89,Dallas Mavericks,94,,
3 17 2014,Box Score,Los Angeles Clippers,100,Denver Nuggets,110,,
3 17 2014,Box Score,Utah Jazz,86,Houston Rockets,124,,
3 17 2014,Box Score,Philadelphia 76ers,90,Indiana Pacers,99,,
3 18 2014,Box Score,Toronto Raptors,113,Atlanta Hawks,118,OT,
3 18 2014,Box Score,Miami Heat,100,Cleveland Cavaliers,96,,
3 18 2014,Box Score,Orlando Magic,89,Golden State Warriors,103,,
3 18 2014,Box Score,Milwaukee Bucks,115,Portland Trail Blazers,120,OT,
3 18 2014,Box Score,Washington Wizards,111,Sacramento Kings,117,OT,
3 19 2014,Box Score,Miami Heat,96,Boston Celtics,101,,
3 19 2014,Box Score,Charlotte Bobcats,99,Brooklyn Nets,104,,
3 19 2014,Box Score,Minnesota Timberwolves,123,Dallas Mavericks,122,OT,
3 19 2014,Box Score,Detroit Pistons,109,Denver Nuggets,118,,
3 19 2014,Box Score,San Antonio Spurs,125,Los Angeles Lakers,109,,
3 19 2014,Box Score,Utah Jazz,86,Memphis Grizzlies,96,,
3 19 2014,Box Score,Toronto Raptors,107,New Orleans Pelicans,100,,
3 19 2014,Box Score,Indiana Pacers,86,New York Knicks,92,,
3 19 2014,Box Score,Chicago Bulls,102,Philadelphia 76ers,94,,
3 19 2014,Box Score,Orlando Magic,93,Phoenix Suns,109,,
3 20 2014,Box Score,Oklahoma City Thunder,102,Cleveland Cavaliers,95,,
3 20 2014,Box Score,Milwaukee Bucks,110,Golden State Warriors,115,,
3 20 2014,Box Score,Minnesota Timberwolves,106,Houston Rockets,129,,
3 20 2014,Box Score,Washington Wizards,103,Portland Trail Blazers,116,,
3 21 2014,Box Score,New Orleans Pelicans,111,Atlanta Hawks,105,,
3 21 2014,Box Score,Boston Celtics,98,Brooklyn Nets,114,,
3 21 2014,Box Score,Denver Nuggets,106,Dallas Mavericks,122,,
3 21 2014,Box Score,Chicago Bulls,79,Indiana Pacers,91,,
3 21 2014,Box Score,Washington Wizards,117,Los Angeles Lakers,107,,
3 21 2014,Box Score,Memphis Grizzlies,86,Miami Heat,91,,
3 21 2014,Box Score,New York Knicks,93,Philadelphia 76ers,92,,
3 21 2014,Box Score,Detroit Pistons,92,Phoenix Suns,98,,
3 21 2014,Box Score,San Antonio Spurs,99,Sacramento Kings,79,,
3 21 2014,Box Score,Oklahoma City Thunder,119,Toronto Raptors,118,2OT,
3 22 2014,Box Score,Portland Trail Blazers,94,Charlotte Bobcats,124,,
3 22 2014,Box Score,Philadelphia 76ers,81,Chicago Bulls,91,,
3 22 2014,Box Score,Houston Rockets,118,Cleveland Cavaliers,111,,
3 22 2014,Box Score,San Antonio Spurs,99,Golden State Warriors,90,,
3 22 2014,Box Score,Detroit Pistons,103,Los Angeles Clippers,112,,
3 22 2014,Box Score,Indiana Pacers,71,Memphis Grizzlies,82,,
3 22 2014,Box Score,Miami Heat,95,New Orleans Pelicans,105,,
3 22 2014,Box Score,Orlando Magic,88,Utah Jazz,89,,
3 23 2014,Box Score,Brooklyn Nets,107,Dallas Mavericks,104,OT,
3 23 2014,Box Score,Washington Wizards,102,Denver Nuggets,105,,
3 23 2014,Box Score,Orlando Magic,94,Los Angeles Lakers,103,,
3 23 2014,Box Score,Phoenix Suns,127,Minnesota Timberwolves,120,,
3 23 2014,Box Score,Cleveland Cavaliers,106,New York Knicks,100,,
3 23 2014,Box Score,Milwaukee Bucks,107,Sacramento Kings,124,,
3 23 2014,Box Score,Atlanta Hawks,86,Toronto Raptors,96,,
3 24 2014,Box Score,Phoenix Suns,102,Atlanta Hawks,95,,
3 24 2014,Box Score,Houston Rockets,100,Charlotte Bobcats,89,,
3 24 2014,Box Score,Indiana Pacers,77,Chicago Bulls,89,,
3 24 2014,Box Score,Milwaukee Bucks,98,Los Angeles Clippers,106,,
3 24 2014,Box Score,Minnesota Timberwolves,92,Memphis Grizzlies,109,,
3 24 2014,Box Score,Portland Trail Blazers,91,Miami Heat,93,,
3 24 2014,Box Score,Brooklyn Nets,104,New Orleans Pelicans,109,OT,
3 24 2014,Box Score,Denver Nuggets,96,Oklahoma City Thunder,117,,
3 24 2014,Box Score,Philadelphia 76ers,91,San Antonio Spurs,113,,
3 24 2014,Box Score,Detroit Pistons,114,Utah Jazz,94,,
3 25 2014,Box Score,Toronto Raptors,100,Cleveland Cavaliers,102,,
3 25 2014,Box Score,Oklahoma City Thunder,119,Dallas Mavericks,128,OT,
3 25 2014,Box Score,New York Knicks,96,Los Angeles Lakers,127,,
3 25 2014,Box Score,Portland Trail Blazers,85,Orlando Magic,95,,
3 26 2014,Box Score,Toronto Raptors,99,Boston Celtics,90,,
3 26 2014,Box Score,Brooklyn Nets,111,Charlotte Bobcats,116,OT,
3 26 2014,Box Score,Cleveland Cavaliers,97,Detroit Pistons,96,,
3 26 2014,Box Score,Miami Heat,83,Indiana Pacers,84,,
3 26 2014,Box Score,Atlanta Hawks,83,Minnesota Timberwolves,107,,
3 26 2014,Box Score,Los Angeles Clippers,96,New Orleans Pelicans,98,,
3 26 2014,Box Score,New York Knicks,107,Sacramento Kings,99,,
3 26 2014,Box Score,Denver Nuggets,103,San Antonio Spurs,108,,
3 26 2014,Box Score,Memphis Grizzlies,91,Utah Jazz,87,,
3 26 2014,Box Score,Phoenix Suns,99,Washington Wizards,93,,
3 27 2014,Box Score,Portland Trail Blazers,100,Atlanta Hawks,85,,
3 27 2014,Box Score,Los Angeles Clippers,109,Dallas Mavericks,103,,
3 27 2014,Box Score,Philadelphia 76ers,98,Houston Rockets,120,,
3 27 2014,Box Score,Los Angeles Lakers,105,Milwaukee Bucks,108,,
3 28 2014,Box Score,Cleveland Cavaliers,97,Brooklyn Nets,108,,
3 28 2014,Box Score,Portland Trail Blazers,91,Chicago Bulls,74,,
3 28 2014,Box Score,San Antonio Spurs,133,Denver Nuggets,102,,
3 28 2014,Box Score,Miami Heat,110,Detroit Pistons,78,,
3 28 2014,Box Score,Memphis Grizzlies,93,Golden State Warriors,100,,
3 28 2014,Box Score,Los Angeles Lakers,107,Minnesota Timberwolves,143,,
3 28 2014,Box Score,Utah Jazz,95,New Orleans Pelicans,102,,
3 28 2014,Box Score,Sacramento Kings,81,Oklahoma City Thunder,94,,
3 28 2014,Box Score,Charlotte Bobcats,105,Orlando Magic,110,OT,
3 28 2014,Box Score,New York Knicks,88,Phoenix Suns,112,,
3 28 2014,Box Score,Boston Celtics,103,Toronto Raptors,105,,
3 28 2014,Box Score,Indiana Pacers,78,Washington Wizards,91,,
3 29 2014,Box Score,Sacramento Kings,100,Dallas Mavericks,103,,
3 29 2014,Box Score,Los Angeles Clippers,118,Houston Rockets,107,,
3 29 2014,Box Score,Miami Heat,88,Milwaukee Bucks,67,,
3 29 2014,Box Score,Detroit Pistons,98,Philadelphia 76ers,123,,
3 29 2014,Box Score,New Orleans Pelicans,80,San Antonio Spurs,96,,
3 29 2014,Box Score,Atlanta Hawks,97,Washington Wizards,101,,
3 30 2014,Box Score,Chicago Bulls,107,Boston Celtics,102,,
3 30 2014,Box Score,Minnesota Timberwolves,99,Brooklyn Nets,114,,
3 30 2014,Box Score,Indiana Pacers,76,Cleveland Cavaliers,90,,
3 30 2014,Box Score,New York Knicks,89,Golden State Warriors,84,,
3 30 2014,Box Score,Phoenix Suns,99,Los Angeles Lakers,115,,
3 30 2014,Box Score,Utah Jazz,96,Oklahoma City Thunder,116,,
3 30 2014,Box Score,Toronto Raptors,98,Orlando Magic,93,,
3 30 2014,Box Score,Memphis Grizzlies,98,Portland Trail Blazers,105,,
3 31 2014,Box Score,Philadelphia 76ers,95,Atlanta Hawks,103,,
3 31 2014,Box Score,Washington Wizards,94,Charlotte Bobcats,100,,
3 31 2014,Box Score,Boston Celtics,80,Chicago Bulls,94,,
3 31 2014,Box Score,Memphis Grizzlies,94,Denver Nuggets,92,,
3 31 2014,Box Score,Milwaukee Bucks,111,Detroit Pistons,116,,
3 31 2014,Box Score,San Antonio Spurs,103,Indiana Pacers,77,,
3 31 2014,Box Score,Toronto Raptors,83,Miami Heat,93,,
3 31 2014,Box Score,Los Angeles Clippers,114,Minnesota Timberwolves,104,,
3 31 2014,Box Score,Sacramento Kings,102,New Orleans Pelicans,97,,
3 31 2014,Box Score,New York Knicks,92,Utah Jazz,83,,
4 1 2014,Box Score,Houston Rockets,96,Brooklyn Nets,105,,
4 1 2014,Box Score,Golden State Warriors,122,Dallas Mavericks,120,OT,
4 1 2014,Box Score,Portland Trail Blazers,124,Los Angeles Lakers,112,,
4 2 2014,Box Score,Chicago Bulls,105,Atlanta Hawks,92,,
4 2 2014,Box Score,New Orleans Pelicans,107,Denver Nuggets,137,,
4 2 2014,Box Score,Detroit Pistons,94,Indiana Pacers,101,,
4 2 2014,Box Score,Milwaukee Bucks,77,Miami Heat,96,,
4 2 2014,Box Score,Memphis Grizzlies,88,Minnesota Timberwolves,102,,
4 2 2014,Box Score,Brooklyn Nets,81,New York Knicks,110,,
4 2 2014,Box Score,Cleveland Cavaliers,119,Orlando Magic,98,,
4 2 2014,Box Score,Charlotte Bobcats,123,Philadelphia 76ers,93,,
4 2 2014,Box Score,Los Angeles Clippers,112,Phoenix Suns,108,,
4 2 2014,Box Score,Los Angeles Lakers,102,Sacramento Kings,107,,
4 2 2014,Box Score,Golden State Warriors,90,San Antonio Spurs,111,,
4 2 2014,Box Score,Houston Rockets,103,Toronto Raptors,107,,
4 2 2014,Box Score,Boston Celtics,92,Washington Wizards,118,,
4 3 2014,Box Score,Dallas Mavericks,113,Los Angeles Clippers,107,,
4 3 2014,Box Score,San Antonio Spurs,94,Oklahoma City Thunder,106,,
4 4 2014,Box Score,Cleveland Cavaliers,98,Atlanta Hawks,117,,
4 4 2014,Box Score,Philadelphia 76ers,111,Boston Celtics,102,,
4 4 2014,Box Score,Detroit Pistons,104,Brooklyn Nets,116,,
4 4 2014,Box Score,Orlando Magic,80,Charlotte Bobcats,91,,
4 4 2014,Box Score,Milwaukee Bucks,90,Chicago Bulls,102,,
4 4 2014,Box Score,Sacramento Kings,69,Golden State Warriors,102,,
4 4 2014,Box Score,Oklahoma City Thunder,107,Houston Rockets,111,,
4 4 2014,Box Score,Dallas Mavericks,107,Los Angeles Lakers,95,,
4 4 2014,Box Score,Denver Nuggets,92,Memphis Grizzlies,100,,
4 4 2014,Box Score,Minnesota Timberwolves,122,Miami Heat,121,2OT,
4 4 2014,Box Score,Washington Wizards,90,New York Knicks,89,,
4 4 2014,Box Score,Phoenix Suns,109,Portland Trail Blazers,93,,
4 4 2014,Box Score,Indiana Pacers,94,Toronto Raptors,102,,
4 4 2014,Box Score,New Orleans Pelicans,96,Utah Jazz,100,,
4 5 2014,Box Score,Charlotte Bobcats,96,Cleveland Cavaliers,94,OT,
4 5 2014,Box Score,Boston Celtics,111,Detroit Pistons,115,,
4 5 2014,Box Score,Toronto Raptors,102,Milwaukee Bucks,98,,
4 5 2014,Box Score,Minnesota Timberwolves,92,Orlando Magic,100,,
4 5 2014,Box Score,Brooklyn Nets,105,Philadelphia 76ers,101,,
4 5 2014,Box Score,Chicago Bulls,96,Washington Wizards,78,,
4 6 2014,Box Score,Utah Jazz,102,Golden State Warriors,130,,
4 6 2014,Box Score,Denver Nuggets,125,Houston Rockets,130,OT,
4 6 2014,Box Score,Atlanta Hawks,107,Indiana Pacers,88,,
4 6 2014,Box Score,Los Angeles Lakers,97,Los Angeles Clippers,120,,
4 6 2014,Box Score,New York Knicks,91,Miami Heat,102,,
4 6 2014,Box Score,Oklahoma City Thunder,115,Phoenix Suns,122,,
4 6 2014,Box Score,New Orleans Pelicans,94,Portland Trail Blazers,100,,
4 6 2014,Box Score,Dallas Mavericks,93,Sacramento Kings,91,,
4 6 2014,Box Score,Memphis Grizzlies,92,San Antonio Spurs,112,,
4 8 2014,Box Score,Detroit Pistons,102,Atlanta Hawks,95,,
4 8 2014,Box Score,Houston Rockets,145,Los Angeles Lakers,130,,
4 8 2014,Box Score,Brooklyn Nets,88,Miami Heat,87,,
4 8 2014,Box Score,San Antonio Spurs,91,Minnesota Timberwolves,110,,
4 8 2014,Box Score,Oklahoma City Thunder,107,Sacramento Kings,92,,
4 8 2014,Box Score,Dallas Mavericks,95,Utah Jazz,83,,
4 9 2014,Box Score,Boston Celtics,97,Atlanta Hawks,105,,
4 9 2014,Box Score,Detroit Pistons,100,Cleveland Cavaliers,122,,
4 9 2014,Box Score,Houston Rockets,116,Denver Nuggets,123,,
4 9 2014,Box Score,Oklahoma City Thunder,107,Los Angeles Clippers,101,,
4 9 2014,Box Score,Miami Heat,102,Memphis Grizzlies,107,,
4 9 2014,Box Score,Indiana Pacers,104,Milwaukee Bucks,102,,
4 9 2014,Box Score,Chicago Bulls,102,Minnesota Timberwolves,87,,
4 9 2014,Box Score,Phoenix Suns,94,New Orleans Pelicans,88,,
4 9 2014,Box Score,Brooklyn Nets,111,Orlando Magic,115,,
4 9 2014,Box Score,Sacramento Kings,99,Portland Trail Blazers,100,,
4 9 2014,Box Score,Philadelphia 76ers,114,Toronto Raptors,125,,
4 9 2014,Box Score,Charlotte Bobcats,94,Washington Wizards,88,OT,
4 10 2014,Box Score,San Antonio Spurs,109,Dallas Mavericks,100,,
4 10 2014,Box Score,Denver Nuggets,100,Golden State Warriors,99,,
4 11 2014,Box Score,Charlotte Bobcats,103,Boston Celtics,106,,
4 11 2014,Box Score,Atlanta Hawks,93,Brooklyn Nets,88,,
4 11 2014,Box Score,Detroit Pistons,98,Chicago Bulls,106,,
4 11 2014,Box Score,Golden State Warriors,112,Los Angeles Lakers,95,,
4 11 2014,Box Score,Philadelphia 76ers,95,Memphis Grizzlies,117,,
4 11 2014,Box Score,Indiana Pacers,86,Miami Heat,98,,
4 11 2014,Box Score,Cleveland Cavaliers,116,Milwaukee Bucks,119,,
4 11 2014,Box Score,Houston Rockets,110,Minnesota Timberwolves,112,,
4 11 2014,Box Score,New Orleans Pelicans,94,Oklahoma City Thunder,116,,
4 11 2014,Box Score,Washington Wizards,96,Orlando Magic,86,,
4 11 2014,Box Score,Phoenix Suns,104,San Antonio Spurs,112,,
4 11 2014,Box Score,New York Knicks,108,Toronto Raptors,100,,
4 11 2014,Box Score,Portland Trail Blazers,111,Utah Jazz,99,,
4 12 2014,Box Score,Miami Heat,85,Atlanta Hawks,98,,
4 12 2014,Box Score,Philadelphia 76ers,105,Charlotte Bobcats,111,,
4 12 2014,Box Score,Boston Celtics,111,Cleveland Cavaliers,99,,
4 12 2014,Box Score,Phoenix Suns,98,Dallas Mavericks,101,,
4 12 2014,Box Score,Utah Jazz,94,Denver Nuggets,101,,
4 12 2014,Box Score,New Orleans Pelicans,104,Houston Rockets,111,,
4 12 2014,Box Score,Sacramento Kings,101,Los Angeles Clippers,117,,
4 12 2014,Box Score,Milwaukee Bucks,91,Washington Wizards,104,,
4 13 2014,Box Score,Orlando Magic,88,Brooklyn Nets,97,,
4 13 2014,Box Score,Toronto Raptors,116,Detroit Pistons,107,,
4 13 2014,Box Score,Oklahoma City Thunder,97,Indiana Pacers,102,,
4 13 2014,Box Score,Memphis Grizzlies,102,Los Angeles Lakers,90,,
4 13 2014,Box Score,Chicago Bulls,89,New York Knicks,100,,
4 13 2014,Box Score,Golden State Warriors,117,Portland Trail Blazers,119,OT,
4 13 2014,Box Score,Minnesota Timberwolves,103,Sacramento Kings,106,,
4 14 2014,Box Score,Charlotte Bobcats,95,Atlanta Hawks,93,,
4 14 2014,Box Score,Orlando Magic,95,Chicago Bulls,108,,
4 14 2014,Box Score,Minnesota Timberwolves,120,Golden State Warriors,130,,
4 14 2014,Box Score,San Antonio Spurs,98,Houston Rockets,104,,
4 14 2014,Box Score,Oklahoma City Thunder,89,New Orleans Pelicans,101,,
4 14 2014,Box Score,Boston Celtics,108,Philadelphia 76ers,113,,
4 14 2014,Box Score,Memphis Grizzlies,97,Phoenix Suns,91,,
4 14 2014,Box Score,Milwaukee Bucks,100,Toronto Raptors,110,,
4 14 2014,Box Score,Los Angeles Lakers,119,Utah Jazz,104,,
4 14 2014,Box Score,Miami Heat,93,Washington Wizards,114,,
4 15 2014,Box Score,New York Knicks,109,Brooklyn Nets,98,,
4 15 2014,Box Score,Denver Nuggets,105,Los Angeles Clippers,117,,
4 16 2014,Box Score,Washington Wizards,118,Boston Celtics,102,,
4 16 2014,Box Score,Chicago Bulls,86,Charlotte Bobcats,91,OT,
4 16 2014,Box Score,Brooklyn Nets,85,Cleveland Cavaliers,114,,
4 16 2014,Box Score,Golden State Warriors,116,Denver Nuggets,112,,
4 16 2014,Box Score,Dallas Mavericks,105,Memphis Grizzlies,106,OT,
4 16 2014,Box Score,Philadelphia 76ers,100,Miami Heat,87,,
4 16 2014,Box Score,Atlanta Hawks,111,Milwaukee Bucks,103,,
4 16 2014,Box Score,Utah Jazz,136,Minnesota Timberwolves,130,2OT,
4 16 2014,Box Score,Houston Rockets,100,New Orleans Pelicans,105,,
4 16 2014,Box Score,Toronto Raptors,92,New York Knicks,95,,
4 16 2014,Box Score,Detroit Pistons,111,Oklahoma City Thunder,112,,
4 16 2014,Box Score,Indiana Pacers,101,Orlando Magic,86,,
4 16 2014,Box Score,Los Angeles Clippers,104,Portland Trail Blazers,110,,
4 16 2014,Box Score,Phoenix Suns,104,Sacramento Kings,99,,
4 16 2014,Box Score,Los Angeles Lakers,113,San Antonio Spurs,100,,
4 19 2014,,Atlanta Hawks,101,Indiana Pacers,93,,
4 19 2014,Box Score,Golden State Warriors,109,Los Angeles Clippers,105,,
4 19 2014,Box Score,Memphis Grizzlies,86,Oklahoma City Thunder,100,,
4 19 2014,Box Score,Brooklyn Nets,94,Toronto Raptors,87,,
4 20 2014,Box Score,Washington Wizards,102,Chicago Bulls,93,,
4 20 2014,Box Score,Portland Trail Blazers,122,Houston Rockets,120,OT,
4 20 2014,Box Score,Charlotte Bobcats,88,Miami Heat,99,,
4 20 2014,Box Score,Dallas Mavericks,85,San Antonio Spurs,90,,
4 21 2014,Box Score,Golden State Warriors,98,Los Angeles Clippers,138,,
4 21 2014,Box Score,Memphis Grizzlies,111,Oklahoma City Thunder,105,OT,
4 22 2014,Box Score,Washington Wizards,101,Chicago Bulls,99,OT,
4 22 2014,Box Score,Atlanta Hawks,85,Indiana Pacers,101,,
4 22 2014,Box Score,Brooklyn Nets,95,Toronto Raptors,100,,
4 23 2014,Box Score,Portland Trail Blazers,112,Houston Rockets,105,,
4 23 2014,Box Score,Charlotte Bobcats,97,Miami Heat,101,,
4 23 2014,Box Score,Dallas Mavericks,113,San Antonio Spurs,92,,
4 24 2014,Box Score,Indiana Pacers,85,Atlanta Hawks,98,,
4 24 2014,Box Score,Los Angeles Clippers,98,Golden State Warriors,96,,
4 24 2014,Box Score,Oklahoma City Thunder,95,Memphis Grizzlies,98,OT,
4 25 2014,Box Score,Toronto Raptors,98,Brooklyn Nets,102,,
4 25 2014,Box Score,Houston Rockets,121,Portland Trail Blazers,116,OT,
4 25 2014,Box Score,Chicago Bulls,100,Washington Wizards,97,,
4 26 2014,Box Score,Indiana Pacers,91,Atlanta Hawks,88,,
4 26 2014,Box Score,Miami Heat,98,Charlotte Bobcats,85,,
4 26 2014,Box Score,San Antonio Spurs,108,Dallas Mavericks,109,,
4 26 2014,Box Score,Oklahoma City Thunder,92,Memphis Grizzlies,89,OT,
4 27 2014,Box Score,Toronto Raptors,87,Brooklyn Nets,79,,
4 27 2014,Box Score,Los Angeles Clippers,97,Golden State Warriors,118,,
4 27 2014,Box Score,Houston Rockets,120,Portland Trail Blazers,123,OT,
4 27 2014,Box Score,Chicago Bulls,89,Washington Wizards,98,,
4 28 2014,Box Score,Miami Heat,109,Charlotte Bobcats,98,,
4 28 2014,Box Score,San Antonio Spurs,93,Dallas Mavericks,89,,
4 28 2014,Box Score,Atlanta Hawks,107,Indiana Pacers,97,,
4 29 2014,Box Score,Washington Wizards,75,Chicago Bulls,69,,
4 29 2014,Box Score,Golden State Warriors,103,Los Angeles Clippers,113,,
4 29 2014,Box Score,Memphis Grizzlies,100,Oklahoma City Thunder,99,OT,
4 30 2014,Box Score,Portland Trail Blazers,98,Houston Rockets,108,,
4 30 2014,Box Score,Dallas Mavericks,103,San Antonio Spurs,109,,
4 30 2014,Box Score,Brooklyn Nets,113,Toronto Raptors,115,,
5 1 2014,Box Score,Indiana Pacers,95,Atlanta Hawks,88,,
5 1 2014,Box Score,Los Angeles Clippers,99,Golden State Warriors,100,,
5 1 2014,Box Score,Oklahoma City Thunder,104,Memphis Grizzlies,84,,
5 2 2014,Box Score,Toronto Raptors,83,Brooklyn Nets,97,,
5 2 2014,Box Score,San Antonio Spurs,111,Dallas Mavericks,113,,
5 2 2014,Box Score,Houston Rockets,98,Portland Trail Blazers,99,,
5 3 2014,Box Score,Atlanta Hawks,80,Indiana Pacers,92,,
5 3 2014,Box Score,Golden State Warriors,121,Los Angeles Clippers,126,,
5 3 2014,Box Score,Memphis Grizzlies,109,Oklahoma City Thunder,120,,
5 4 2014,Box Score,Dallas Mavericks,96,San Antonio Spurs,119,,
5 4 2014,Box Score,Brooklyn Nets,104,Toronto Raptors,103,,
5 5 2014,Box Score,Washington Wizards,102,Indiana Pacers,96,,
5 5 2014,Box Score,Los Angeles Clippers,122,Oklahoma City Thunder,105,,
5 6 2014,Box Score,Brooklyn Nets,86,Miami Heat,107,,
5 6 2014,Box Score,Portland Trail Blazers,92,San Antonio Spurs,116,,
5 7 2014,Box Score,Washington Wizards,82,Indiana Pacers,86,,
5 7 2014,Box Score,Los Angeles Clippers,101,Oklahoma City Thunder,112,,
5 8 2014,Box Score,Brooklyn Nets,82,Miami Heat,94,,
5 8 2014,Box Score,Portland Trail Blazers,97,San Antonio Spurs,114,,
5 9 2014,Box Score,Oklahoma City Thunder,118,Los Angeles Clippers,112,,
5 9 2014,Box Score,Indiana Pacers,85,Washington Wizards,63,,
5 10 2014,Box Score,Miami Heat,90,Brooklyn Nets,104,,
5 10 2014,Box Score,San Antonio Spurs,118,Portland Trail Blazers,103,,
5 11 2014,Box Score,Oklahoma City Thunder,99,Los Angeles Clippers,101,,
5 11 2014,Box Score,Indiana Pacers,95,Washington Wizards,92,,
5 12 2014,Box Score,Miami Heat,102,Brooklyn Nets,96,,
5 12 2014,Box Score,San Antonio Spurs,92,Portland Trail Blazers,103,,
5 13 2014,Box Score,Washington Wizards,102,Indiana Pacers,79,,
5 13 2014,Box Score,Los Angeles Clippers,104,Oklahoma City Thunder,105,,
5 14 2014,Box Score,Brooklyn Nets,94,Miami Heat,96,,
5 14 2014,Box Score,Portland Trail Blazers,82,San Antonio Spurs,104,,
5 15 2014,Box Score,Oklahoma City Thunder,104,Los Angeles Clippers,98,,
5 15 2014,Box Score,Indiana Pacers,93,Washington Wizards,80,,
5 18 2014,Box Score,Miami Heat,96,Indiana Pacers,107,,
5 19 2014,Box Score,Oklahoma City Thunder,105,San Antonio Spurs,122,,
5 20 2014,Box Score,Miami Heat,87,Indiana Pacers,83,,
5 21 2014,Box Score,Oklahoma City Thunder,77,San Antonio Spurs,112,,
5 24 2014,Box Score,Indiana Pacers,87,Miami Heat,99,,
5 25 2014,Box Score,San Antonio Spurs,97,Oklahoma City Thunder,106,,
5 26 2014,Box Score,Indiana Pacers,90,Miami Heat,102,,
5 27 2014,Box Score,San Antonio Spurs,92,Oklahoma City Thunder,105,,
5 28 2014,Box Score,Miami Heat,90,Indiana Pacers,93,,
5 29 2014,Box Score,Oklahoma City Thunder,89,San Antonio Spurs,117,,
5 30 2014,Box Score,Indiana Pacers,92,Miami Heat,117,,
5 31 2014,Box Score,San Antonio Spurs,112,Oklahoma City Thunder,107,OT,
6 5 2014,Box Score,Miami Heat,95,San Antonio Spurs,110,,
6 8 2014,Box Score,Miami Heat,98,San Antonio Spurs,96,,
6 10 2014,Box Score,San Antonio Spurs,111,Miami Heat,92,,
6 12 2014,Box Score,San Antonio Spurs,107,Miami Heat,86,,
6 15 2014,Box Score,Miami Heat,87,San Antonio Spurs,104,,
